-- MySQL dump 10.13  Distrib 9.4.0, for macos15 (arm64)
--
-- Host: localhost    Database: shopee
-- ------------------------------------------------------
-- Server version	9.4.0

/*!40101 SET @OLD_CHARACTER_SET_CLIENT=@@CHARACTER_SET_CLIENT */;
/*!40101 SET @OLD_CHARACTER_SET_RESULTS=@@CHARACTER_SET_RESULTS */;
/*!40101 SET @OLD_COLLATION_CONNECTION=@@COLLATION_CONNECTION */;
/*!50503 SET NAMES utf8mb4 */;
/*!40103 SET @OLD_TIME_ZONE=@@TIME_ZONE */;
/*!40103 SET TIME_ZONE='+00:00' */;
/*!40014 SET @OLD_UNIQUE_CHECKS=@@UNIQUE_CHECKS, UNIQUE_CHECKS=0 */;
/*!40014 SET @OLD_FOREIGN_KEY_CHECKS=@@FOREIGN_KEY_CHECKS, FOREIGN_KEY_CHECKS=0 */;
/*!40101 SET @OLD_SQL_MODE=@@SQL_MODE, SQL_MODE='NO_AUTO_VALUE_ON_ZERO' */;
/*!40111 SET @OLD_SQL_NOTES=@@SQL_NOTES, SQL_NOTES=0 */;

--
-- Table structure for table `claims`
--

DROP TABLE IF EXISTS `claims`;
/*!40101 SET @saved_cs_client     = @@character_set_client */;
/*!50503 SET character_set_client = utf8mb4 */;
CREATE TABLE `claims` (
  `username` varchar(20) NOT NULL,
  `voucher_code` varchar(7) NOT NULL,
  PRIMARY KEY (`username`,`voucher_code`),
  KEY `voucher_code` (`voucher_code`),
  CONSTRAINT `claims_ibfk_1` FOREIGN KEY (`username`) REFERENCES `customer` (`username`),
  CONSTRAINT `claims_ibfk_2` FOREIGN KEY (`voucher_code`) REFERENCES `voucher` (`voucher_code`)
) ENGINE=InnoDB DEFAULT CHARSET=utf8mb4 COLLATE=utf8mb4_0900_ai_ci;
/*!40101 SET character_set_client = @saved_cs_client */;

--
-- Dumping data for table `claims`
--

LOCK TABLES `claims` WRITE;
/*!40000 ALTER TABLE `claims` DISABLE KEYS */;
INSERT INTO `claims` VALUES ('Beby464','CASH127'),('Ismail384','CASH145'),('Joko45','CASH163'),('Alvin402','CASH174'),('Wahyu953','CASH202'),('Lina659','CASH217'),('Taufik417','CASH222'),('Irma145','CASH235'),('Taufik791','CASH241'),('Clara863','CASH246'),('Sari773','CASH256'),('Gina342','CASH262'),('Yuda153','CASH291'),('Arif478','CASH334'),('Oktaviani340','CASH348'),('Dian372','CASH359'),('Ida698','CASH374'),('Octa845','CASH386'),('Clara550','CASH432'),('Dani657','CASH453'),('Vino304','CASH476'),('Ulfa751','CASH477'),('Dani308','CASH498'),('Taufik230','CASH527'),('Chandra374','CASH536'),('Joko556','CASH558'),('Made734','CASH562'),('Bayu590','CASH585'),('Imam383','CASH604'),('Ovi705','CASH622'),('Luki643','CASH635'),('Kurnia309','CASH640'),('Joko216','CASH647'),('Citra935','CASH653'),('Eko615','CASH656'),('Sari803','CASH673'),('Fikri222','CASH713'),('Rahmat356','CASH713'),('Teguh833','CASH761'),('Farhan44','CASH777'),('Vidya448','CASH798'),('Cahya389','CASH799'),('Joko524','CASH826'),('Yusuf882','CASH886'),('Devi492','CASH888'),('Arif877','CASH909'),('Yuni209','CASH930'),('Hendra294','CASH936'),('Ajeng491','CASH950'),('Nanda320','CASH953'),('Fikri947','CASH961'),('Linda529','CASH986'),('Lestari922','DISC107'),('Kanaya441','DISC129'),('Fani805','DISC142'),('Agus190','DISC180'),('Silvia910','DISC184'),('Putra557','DISC191'),('Cahya356','DISC195'),('Kiki611','DISC209'),('Alvin747','DISC211'),('Gavin737','DISC263'),('Aris205','DISC288'),('Agus178','DISC305'),('Evi30','DISC342'),('Erna534','DISC349'),('Arif193','DISC362'),('Beby940','DISC382'),('Zainal889','DISC390'),('Octa972','DISC393'),('Siti313','DISC404'),('Veri517','DISC428'),('Ida352','DISC460'),('Novi55','DISC483'),('Chandra108','DISC488'),('Dani918','DISC532'),('Gilang532','DISC539'),('Gina788','DISC542'),('Indra431','DISC582'),('Rifqi874','DISC608'),('Darmawan103','DISC613'),('Daniar727','DISC624'),('Yuli210','DISC661'),('Nanda306','DISC695'),('Tri280','DISC706'),('Rahman308','DISC724'),('Indra445','DISC776'),('Zainudin47','DISC776'),('Cindy402','DISC781'),('Chandra859','DISC834'),('Benny981','DISC896'),('Dewi481','DISC913'),('Andi665','DISC930'),('Beby707','DISC958'),('Novi809','DISC970'),('Elang736','POT100'),('Wanda296','POT134'),('Agus140','POT152'),('Siti571','POT154'),('Cinta85','POT161'),('Bambang755','POT187'),('Janu312','POT200'),('Genta118','POT219'),('Janu522','POT224'),('Nurul591','POT268'),('Yuda892','POT283'),('Prima722','POT296'),('Citra872','POT331'),('Hadi372','POT334'),('Putri859','POT359'),('Rifqi750','POT399'),('Linda152','POT405'),('Dani547','POT415'),('Vivi475','POT419'),('Novianti855','POT474'),('Taufik498','POT509'),('Evi443','POT520'),('Made397','POT526'),('Berlian9','POT529'),('Syifa816','POT547'),('Rama938','POT575'),('Alfian559','POT581'),('Surya867','POT597'),('Octa559','POT601'),('Irwan590','POT615'),('Sari694','POT619'),('Gina64','POT630'),('Olivia133','POT665'),('Firman246','POT670'),('Surya893','POT673'),('Yudha682','POT699'),('Zaki770','POT708'),('Ajeng943','POT727'),('Meylani562','POT767'),('Indra394','POT776'),('Ulfa67','POT778'),('Cinta833','POT781'),('Umi419','POT792'),('Habib692','POT822'),('Genta728','POT823'),('Agus9','POT871'),('Putri57','POT882'),('Citra690','POT947'),('Nabila941','POT955'),('Gilang152','POT957'),('Poppy231','VCHR109'),('Cinta68','VCHR111'),('Rendy735','VCHR121'),('Taufik359','VCHR126'),('Tia623','VCHR131'),('Agus563','VCHR139'),('Irfan874','VCHR148'),('Evi946','VCHR163'),('Joko78','VCHR165'),('Oki582','VCHR177'),('Widya984','VCHR186'),('Mega114','VCHR188'),('Ken1000','VCHR229'),('Taufik376','VCHR242'),('Gita480','VCHR246'),('Galih823','VCHR346'),('Teguh611','VCHR355'),('Luki331','VCHR371'),('Indra796','VCHR372'),('Gita616','VCHR377'),('Fahri720','VCHR388'),('Eko668','VCHR397'),('Putri207','VCHR402'),('Rama777','VCHR407'),('Stefan350','VCHR410'),('Aldi557','VCHR452'),('Gusti29','VCHR453'),('Zainal472','VCHR475'),('Luki274','VCHR500'),('Wahyu319','VCHR522'),('Farhan645','VCHR561'),('Bambang564','VCHR604'),('Citra549','VCHR642'),('Hanafi291','VCHR667'),('Tyas636','VCHR700'),('Imam195','VCHR709'),('Vino199','VCHR743'),('Yuda613','VCHR749'),('Harun473','VCHR769'),('Putri734','VCHR782'),('Alfian633','VCHR798'),('Farhan263','VCHR808'),('Cinta43','VCHR818'),('Desta48','VCHR819'),('Agus746','VCHR830'),('Wahid595','VCHR838'),('Octa812','VCHR843'),('Cindy974','VCHR871'),('Zaky872','VCHR891'),('Andi462','VCHR931'),('Citra692','VCHR947'),('Aldi880','VCHR954'),('Desta695','VCHR958'),('Yulia746','VCHR964'),('Fani363','VCHR986');
/*!40000 ALTER TABLE `claims` ENABLE KEYS */;
UNLOCK TABLES;

--
-- Table structure for table `courrier`
--

DROP TABLE IF EXISTS `courrier`;
/*!40101 SET @saved_cs_client     = @@character_set_client */;
/*!50503 SET character_set_client = utf8mb4 */;
CREATE TABLE `courrier` (
  `shipping_type` varchar(512) NOT NULL,
  `shipping_company` varchar(512) DEFAULT NULL,
  PRIMARY KEY (`shipping_type`)
) ENGINE=InnoDB DEFAULT CHARSET=utf8mb4 COLLATE=utf8mb4_0900_ai_ci;
/*!40101 SET character_set_client = @saved_cs_client */;

--
-- Dumping data for table `courrier`
--

LOCK TABLES `courrier` WRITE;
/*!40000 ALTER TABLE `courrier` DISABLE KEYS */;
INSERT INTO `courrier` VALUES ('Anteraja - Next-Day','Anteraja'),('Anteraja -REG','Anteraja'),('Anteraja Same Day','Anteraja'),('J&T ECO','J&T'),('J&T EZ','J&T'),('JNE JTR','JNE'),('JNE OKE','JNE'),('JNE REG','JNE'),('JNE YES','JNE'),('SiCepat BEST','SiCepat'),('SiCepat HALU','SiCepat'),('SiCepat REG','SiCepat'),('SiCepat SIUNTUNG','SiCepat');
/*!40000 ALTER TABLE `courrier` ENABLE KEYS */;
UNLOCK TABLES;

--
-- Table structure for table `customer`
--

DROP TABLE IF EXISTS `customer`;
/*!40101 SET @saved_cs_client     = @@character_set_client */;
/*!50503 SET character_set_client = utf8mb4 */;
CREATE TABLE `customer` (
  `username` varchar(20) NOT NULL,
  `date_created` datetime DEFAULT NULL,
  `total_points` int DEFAULT NULL,
  `type` varchar(10) DEFAULT NULL,
  PRIMARY KEY (`username`)
) ENGINE=InnoDB DEFAULT CHARSET=utf8mb4 COLLATE=utf8mb4_0900_ai_ci;
/*!40101 SET character_set_client = @saved_cs_client */;

--
-- Dumping data for table `customer`
--

LOCK TABLES `customer` WRITE;
/*!40000 ALTER TABLE `customer` DISABLE KEYS */;
INSERT INTO `customer` VALUES ('Agus140','2010-12-23 11:02:02',3874,'loyalty'),('Agus178','2019-05-14 21:00:33',5190,'loyalty'),('Agus190','2019-12-04 19:38:50',6824,'basic'),('Agus563','2018-05-27 03:04:25',5892,'loyalty'),('Agus746','2019-01-04 11:06:33',1369,'loyalty'),('Agus9','2010-12-17 00:26:18',5629,'loyalty'),('Ajeng491','2011-09-02 22:57:47',5418,'basic'),('Ajeng943','2012-08-15 13:31:02',708,'loyalty'),('Aldi557','2017-09-02 06:51:09',7613,'loyalty'),('Aldi880','2015-10-06 07:14:19',6955,'loyalty'),('Alfian559','2014-08-21 18:36:40',32,'basic'),('Alfian633','2016-11-29 05:56:33',8138,'basic'),('Alvin402','2017-01-14 07:08:10',1937,'basic'),('Alvin747','2017-03-01 11:44:35',6918,'loyalty'),('Andi462','2015-10-22 01:56:12',8985,'loyalty'),('Andi665','2013-05-09 07:40:12',1925,'basic'),('Arif193','2017-05-24 09:50:26',5385,'basic'),('Arif478','2019-11-27 00:17:41',2279,'basic'),('Arif877','2020-07-20 21:43:04',3368,'basic'),('Aris205','2015-11-26 13:48:21',6092,'loyalty'),('Bambang564','2019-03-07 16:50:25',4467,'loyalty'),('Bambang755','2010-09-19 04:45:11',3698,'loyalty'),('Bayu590','2013-05-30 18:43:50',3403,'basic'),('Beby464','2013-09-17 20:58:14',2440,'loyalty'),('Beby707','2014-10-26 09:10:38',2998,'basic'),('Beby940','2017-09-16 01:34:34',2263,'loyalty'),('Benny981','2011-09-07 04:37:42',6880,'loyalty'),('Berlian9','2011-12-09 18:35:34',6391,'basic'),('Cahya356','2012-09-22 09:50:25',3733,'loyalty'),('Cahya389','2017-05-10 03:06:48',7940,'loyalty'),('Chandra108','2012-09-16 11:11:04',8521,'basic'),('Chandra374','2012-07-10 08:42:46',3788,'loyalty'),('Chandra859','2018-01-28 17:55:12',9329,'basic'),('Cindy402','2010-05-22 19:27:24',7911,'basic'),('Cindy974','2015-05-10 01:04:53',5237,'loyalty'),('Cinta43','2013-12-07 15:02:38',322,'basic'),('Cinta68','2021-05-19 18:53:27',9430,'basic'),('Cinta833','2018-03-18 08:36:25',1298,'loyalty'),('Cinta85','2012-01-13 20:06:38',6475,'basic'),('Citra549','2014-04-20 09:39:05',9619,'basic'),('Citra690','2020-07-23 22:54:32',929,'loyalty'),('Citra692','2015-09-18 23:43:54',9276,'loyalty'),('Citra872','2019-12-27 07:17:50',196,'basic'),('Citra935','2019-11-08 05:45:26',691,'loyalty'),('Clara550','2010-11-30 19:08:19',2077,'loyalty'),('Clara863','2012-12-12 03:41:11',4714,'loyalty'),('Dani308','2020-06-20 23:02:36',9869,'loyalty'),('Dani547','2014-04-18 12:47:34',3370,'loyalty'),('Dani657','2013-12-18 10:50:16',8347,'basic'),('Dani918','2014-11-20 12:39:28',235,'loyalty'),('Daniar727','2011-05-14 06:36:01',2529,'loyalty'),('Darmawan103','2015-09-08 03:18:49',7780,'basic'),('Darmawan737','2018-08-16 09:02:36',6856,'loyalty'),('David993','2018-05-08 21:16:50',7551,'loyalty'),('Desta377','2010-02-24 09:31:36',1515,'loyalty'),('Desta48','2021-11-05 17:00:29',8034,'basic'),('Desta695','2014-05-16 06:53:29',9511,'basic'),('Devi492','2019-03-17 09:22:53',1229,'basic'),('Dewi15','2012-09-04 16:39:47',6884,'loyalty'),('Dewi481','2016-05-20 07:25:01',2131,'basic'),('Dewi642','2018-07-28 14:29:46',1778,'loyalty'),('Dian372','2017-04-19 14:23:29',9038,'basic'),('Dwi550','2016-09-20 22:52:07',9586,'loyalty'),('Eko615','2021-05-30 19:21:53',6928,'basic'),('Eko668','2018-10-27 07:29:49',8457,'basic'),('Elang736','2019-12-31 04:32:23',6058,'basic'),('Ella233','2011-01-05 10:24:03',4602,'loyalty'),('Emir699','2015-12-12 02:11:38',1616,'loyalty'),('Erlangga129','2021-09-17 23:32:20',3961,'loyalty'),('Erna534','2019-11-16 08:35:12',6759,'basic'),('Erna671','2012-12-02 20:06:57',8857,'loyalty'),('Erna937','2016-10-17 03:29:57',8985,'loyalty'),('Evi30','2014-01-09 03:58:23',2858,'basic'),('Evi443','2011-09-03 17:13:27',3014,'basic'),('Evi569','2010-03-24 05:45:51',8542,'loyalty'),('Evi946','2014-12-10 08:57:59',6829,'basic'),('Fahmi329','2010-09-10 02:01:19',770,'loyalty'),('Fahri720','2010-10-31 17:10:19',8361,'basic'),('Fajar616','2011-10-20 03:41:25',2723,'loyalty'),('Fani363','2013-08-08 06:43:28',7016,'basic'),('Fani698','2021-05-12 15:29:04',6393,'loyalty'),('Fani805','2014-06-08 23:22:58',9066,'basic'),('Farhan180','2015-07-09 17:28:03',9892,'loyalty'),('Farhan263','2019-03-17 14:39:31',1348,'basic'),('Farhan44','2018-03-19 05:35:02',9700,'basic'),('Farhan645','2018-02-17 00:03:20',5131,'basic'),('Fatimah839','2015-06-06 19:45:40',7083,'loyalty'),('Fikri222','2018-10-21 20:53:48',8392,'basic'),('Fikri947','2015-10-08 18:57:35',2414,'basic'),('Firman246','2015-11-04 12:19:49',6302,'basic'),('Fitra626','2017-07-22 01:15:46',3307,'loyalty'),('Galih295','2012-09-30 19:10:06',1100,'loyalty'),('Galih823','2017-03-02 16:12:59',1627,'basic'),('Gavin737','2013-11-11 12:41:27',5246,'basic'),('Genta118','2021-07-05 19:56:23',505,'basic'),('Genta717','2017-06-21 17:44:02',6987,'loyalty'),('Genta728','2019-06-03 18:02:15',5947,'basic'),('Genta730','2010-11-13 12:33:48',8848,'loyalty'),('Gilang152','2010-02-14 16:13:53',5978,'basic'),('Gilang527','2014-02-23 11:47:39',943,'loyalty'),('Gilang532','2015-07-25 15:14:58',9309,'basic'),('Gilang937','2011-04-16 13:54:18',321,'loyalty'),('Gina342','2021-04-03 08:34:19',8256,'basic'),('Gina64','2010-11-04 09:54:21',6538,'basic'),('Gina788','2020-09-14 04:05:31',6147,'basic'),('Gita270','2018-12-05 11:48:17',6232,'loyalty'),('Gita480','2019-10-23 16:39:15',4333,'basic'),('Gita616','2015-11-02 22:00:34',2306,'basic'),('Gita666','2018-01-10 06:03:00',2762,'loyalty'),('Gusti29','2021-04-06 10:44:07',2626,'basic'),('Habib167','2021-05-01 02:03:40',6408,'loyalty'),('Habib245','2014-08-30 15:52:16',2629,'loyalty'),('Habib692','2014-09-29 14:18:56',476,'basic'),('Hadi224','2015-03-24 17:56:27',1807,'loyalty'),('Hadi230','2021-10-15 03:49:09',1295,'loyalty'),('Hadi372','2015-09-15 01:01:44',1788,'basic'),('Hanafi254','2015-09-06 08:47:54',9553,'loyalty'),('Hanafi291','2021-06-08 11:33:14',5117,'basic'),('Hanafi540','2020-03-26 19:42:43',1496,'loyalty'),('Harun473','2020-11-28 13:16:12',7699,'basic'),('Hendra294','2010-01-02 21:21:35',4751,'basic'),('Hendra50','2020-05-06 05:47:19',3403,'loyalty'),('Hendri894','2014-01-31 20:58:00',3683,'loyalty'),('Ida352','2014-09-23 13:58:01',3675,'basic'),('Ida698','2010-03-02 13:38:50',8759,'basic'),('Ida907','2010-08-01 21:49:48',3739,'loyalty'),('Imam195','2017-03-11 09:00:48',574,'basic'),('Imam383','2015-12-19 15:53:26',4050,'basic'),('Imam888','2019-12-11 13:42:16',742,'loyalty'),('Indra394','2021-07-21 09:28:16',5431,'basic'),('Indra431','2019-12-12 12:10:30',3422,'basic'),('Indra445','2020-09-19 13:22:31',8284,'basic'),('Indra796','2011-11-13 13:12:51',4933,'basic'),('Intan942','2020-12-17 01:19:16',5031,'loyalty'),('Irfan874','2021-06-03 18:50:23',3340,'basic'),('Irma145','2019-09-27 13:37:12',6905,'basic'),('Irma450','2020-06-25 18:53:34',499,'loyalty'),('Irma780','2012-02-05 14:58:35',4096,'loyalty'),('Irwan590','2016-06-28 05:18:45',6435,'basic'),('Irwan994','2011-05-30 13:36:45',6498,'loyalty'),('Ismail384','2016-05-01 05:45:49',674,'basic'),('Ita59','2021-05-02 12:04:10',7394,'loyalty'),('Ita746','2017-03-14 00:30:43',7819,'loyalty'),('Janu312','2021-01-09 15:57:49',7339,'basic'),('Janu522','2014-04-11 16:34:29',4510,'basic'),('Jimmy402','2021-05-04 07:41:19',6534,'loyalty'),('Jimmy658','2010-07-08 20:03:15',4270,'loyalty'),('Johan27','2013-07-15 21:55:31',685,'loyalty'),('Johan438','2017-04-22 01:29:07',7987,'loyalty'),('Johan810','2011-08-21 00:10:51',1767,'loyalty'),('Joko216','2016-02-26 03:51:48',5972,'basic'),('Joko45','2011-04-26 08:36:15',5718,'basic'),('Joko475','2011-06-12 23:24:02',2887,'loyalty'),('Joko524','2021-10-07 02:58:26',9852,'basic'),('Joko556','2016-01-05 13:18:48',2649,'basic'),('Joko78','2013-06-28 23:58:06',4828,'basic'),('Julian763','2020-11-15 04:35:29',6990,'loyalty'),('Julian981','2015-12-10 13:22:25',7457,'loyalty'),('Kanaya441','2019-01-11 17:07:30',6461,'basic'),('Kartika68','2011-09-03 18:35:52',1338,'loyalty'),('Ken1000','2014-03-05 03:54:02',4336,'basic'),('Ken375','2014-01-01 06:53:57',9763,'loyalty'),('Ken773','2013-12-04 22:28:57',5229,'loyalty'),('Ken883','2012-08-10 09:11:29',1255,'loyalty'),('Kiki379','2016-04-28 17:23:26',1462,'loyalty'),('Kiki611','2015-04-14 00:18:03',1015,'basic'),('Krisna475','2020-09-14 15:33:04',346,'loyalty'),('Krisna643','2017-03-09 18:54:34',935,'loyalty'),('Kurnia309','2018-04-24 17:07:59',2895,'basic'),('Lestari629','2019-12-01 01:34:02',5976,'loyalty'),('Lestari922','2013-04-10 06:28:19',6611,'basic'),('Lia992','2012-09-03 12:34:43',9441,'loyalty'),('Lina659','2017-11-01 22:53:34',9830,'basic'),('Linda152','2018-10-16 09:02:44',1908,'basic'),('Linda529','2010-06-29 15:11:18',4598,'basic'),('Linda72','2017-03-11 08:19:17',7434,'loyalty'),('Luki274','2016-07-28 10:48:13',6802,'basic'),('Luki331','2012-11-27 06:07:09',6982,'basic'),('Luki643','2017-03-26 12:44:42',1195,'basic'),('Made397','2016-10-05 18:18:10',3298,'basic'),('Made734','2017-07-09 05:22:45',3028,'basic'),('Maria394','2020-09-22 09:53:27',9107,'loyalty'),('Mega114','2011-12-21 20:23:55',2176,'basic'),('Mega717','2011-02-01 10:38:50',3722,'loyalty'),('Melati788','2011-10-02 10:34:24',4381,'loyalty'),('Melly374','2013-08-02 10:57:43',7869,'loyalty'),('Meylani562','2021-11-16 04:11:50',2880,'basic'),('Meylani651','2019-11-18 08:49:11',6365,'loyalty'),('Miko165','2011-09-25 18:56:32',9610,'loyalty'),('Miko538','2016-12-19 10:09:02',58,'loyalty'),('Miko842','2011-06-10 03:25:30',9633,'loyalty'),('Nabila941','2020-06-12 05:53:16',3838,'basic'),('Nabila987','2021-10-04 09:30:09',3526,'loyalty'),('Nanda306','2019-03-28 17:51:52',424,'basic'),('Nanda320','2016-03-04 16:35:52',1096,'basic'),('Nanda376','2020-07-15 11:51:21',3534,'loyalty'),('Nanda40','2013-08-22 00:25:44',1752,'loyalty'),('Nanda751','2017-06-13 07:28:36',8352,'loyalty'),('Nia142','2013-09-21 21:22:58',5689,'loyalty'),('Novi55','2011-11-21 20:34:24',1867,'basic'),('Novi809','2019-09-09 01:51:02',8122,'basic'),('Novianti855','2012-10-15 06:33:35',6220,'basic'),('Nur376','2014-05-12 11:43:52',8050,'loyalty'),('Nur774','2020-11-26 09:42:07',4104,'loyalty'),('Nur793','2021-06-17 13:07:52',3460,'loyalty'),('Nurul405','2015-02-21 17:22:32',2210,'loyalty'),('Nurul591','2013-06-15 12:45:19',1713,'basic'),('Octa432','2011-06-29 16:55:05',1602,'loyalty'),('Octa559','2019-05-07 23:08:44',6278,'basic'),('Octa593','2016-07-19 02:33:02',6327,'loyalty'),('Octa812','2011-09-27 07:56:39',7942,'basic'),('Octa845','2013-12-17 17:25:32',5734,'basic'),('Octa972','2018-09-23 23:23:04',4524,'basic'),('Oka516','2013-10-15 04:43:18',1389,'loyalty'),('Oki516','2021-06-23 10:35:03',481,'loyalty'),('Oki582','2016-08-02 06:27:29',5725,'basic'),('Oktavia0','2010-04-16 23:09:25',1707,'loyalty'),('Oktavia516','2019-06-15 06:23:25',5104,'loyalty'),('Oktavia877','2019-11-08 22:57:29',408,'loyalty'),('Oktaviani340','2016-09-18 21:31:13',1182,'basic'),('Olivia133','2013-01-20 06:22:11',3831,'basic'),('Ovi636','2019-07-24 02:07:35',6960,'loyalty'),('Ovi705','2021-03-10 04:26:40',9382,'basic'),('Poppy231','2020-05-17 12:16:22',9999,'basic'),('Pratama820','2019-05-16 17:02:22',4234,'loyalty'),('Prima658','2015-08-29 11:27:22',8854,'loyalty'),('Prima722','2021-10-25 03:16:17',6719,'basic'),('Priska799','2019-08-01 04:28:44',5090,'loyalty'),('Purnama913','2010-04-26 14:51:58',3389,'loyalty'),('Putra557','2015-07-10 15:09:05',6423,'basic'),('Putri207','2017-06-09 16:39:10',585,'basic'),('Putri216','2013-09-15 03:04:45',637,'loyalty'),('Putri298','2020-10-23 10:20:27',7577,'loyalty'),('Putri329','2014-12-19 01:14:31',9478,'loyalty'),('Putri57','2011-04-16 00:15:57',942,'basic'),('Putri572','2019-09-18 13:19:25',8954,'loyalty'),('Putri583','2012-03-02 11:04:33',3770,'loyalty'),('Putri734','2011-04-07 07:42:22',1030,'basic'),('Putri859','2021-03-31 00:51:04',750,'basic'),('Qiana395','2015-09-06 10:25:22',6453,'loyalty'),('Qiana792','2013-12-20 10:00:57',1999,'loyalty'),('Rahman308','2011-07-02 04:03:21',6076,'basic'),('Rahman466','2018-12-14 16:20:00',2866,'loyalty'),('Rahmat356','2021-03-16 08:43:22',3953,'basic'),('Rama777','2011-12-02 22:09:21',8500,'basic'),('Rama938','2018-02-02 17:19:25',3263,'basic'),('Ratih899','2016-05-23 17:23:01',8442,'loyalty'),('Rendy735','2011-08-20 18:24:26',6497,'basic'),('Rian701','2011-12-13 20:30:36',6615,'loyalty'),('Rian711','2012-11-07 08:58:01',2934,'loyalty'),('Rifqi750','2015-08-20 23:24:03',7387,'basic'),('Rifqi874','2018-01-01 01:07:47',2754,'basic'),('Rio190','2017-09-02 09:35:38',3644,'loyalty'),('Sari258','2018-12-19 21:12:32',5274,'loyalty'),('Sari694','2017-08-19 23:56:44',1956,'basic'),('Sari773','2016-12-30 00:50:51',9130,'basic'),('Sari803','2016-06-24 08:56:40',3261,'basic'),('Shinta316','2014-07-06 09:01:49',5917,'loyalty'),('Shinta873','2011-12-23 20:31:09',174,'loyalty'),('Shinta880','2019-06-21 01:59:25',8501,'loyalty'),('Silvia800','2017-10-05 13:41:34',6766,'loyalty'),('Silvia910','2011-09-28 13:47:40',9870,'basic'),('Sinta580','2013-06-28 04:52:56',3115,'loyalty'),('Siti313','2011-08-23 05:27:07',601,'basic'),('Siti571','2014-05-04 14:14:27',3666,'basic'),('Siti878','2013-08-30 23:46:34',5445,'loyalty'),('Sonny68','2015-07-08 13:52:25',4524,'loyalty'),('Stefan112','2010-10-20 00:00:10',2330,'loyalty'),('Stefan168','2017-05-22 22:24:19',9421,'loyalty'),('Stefan350','2017-04-15 14:32:31',6243,'basic'),('Stefan591','2019-03-16 14:49:52',7793,'loyalty'),('Stefan909','2012-09-07 05:11:17',4816,'loyalty'),('Surya614','2018-01-16 16:44:25',946,'loyalty'),('Surya867','2017-08-01 21:02:00',1730,'basic'),('Surya893','2020-12-01 01:01:17',283,'basic'),('Surya896','2012-12-16 22:29:23',7082,'loyalty'),('Syifa15','2014-11-12 07:26:07',2793,'loyalty'),('Syifa415','2017-05-14 21:16:44',7395,'loyalty'),('Syifa816','2016-03-14 16:33:29',4914,'basic'),('Taufik230','2010-08-02 06:11:56',5501,'basic'),('Taufik359','2016-03-27 01:20:15',3909,'basic'),('Taufik376','2016-02-19 06:09:38',3668,'basic'),('Taufik417','2011-09-06 10:02:09',1610,'basic'),('Taufik498','2014-05-12 21:18:05',9913,'basic'),('Taufik791','2010-04-08 04:13:42',2629,'basic'),('Teguh611','2020-01-27 15:18:00',9163,'basic'),('Teguh833','2013-11-13 06:16:29',2807,'basic'),('Tia623','2014-02-03 23:39:45',3804,'basic'),('Tri280','2010-12-06 12:46:58',6770,'basic'),('Tri417','2021-01-13 22:30:31',9166,'loyalty'),('Tyas532','2020-10-29 16:53:36',9551,'loyalty'),('Tyas636','2013-08-17 08:49:27',4375,'basic'),('Udin412','2020-03-20 18:18:22',5400,'loyalty'),('Udin821','2020-02-01 16:50:49',9740,'loyalty'),('Ujang65','2015-01-05 00:57:21',9772,'loyalty'),('Ujang849','2013-03-20 01:14:48',1681,'loyalty'),('Ujang856','2020-12-27 08:32:19',4845,'loyalty'),('Ujang884','2010-04-28 15:36:46',3378,'loyalty'),('Ulfa67','2015-01-23 10:54:45',6820,'basic'),('Ulfa751','2019-05-23 01:09:55',6376,'basic'),('Umar695','2011-10-19 08:33:41',9953,'loyalty'),('Umi419','2017-11-20 07:46:32',5093,'basic'),('Umi810','2019-04-13 04:28:45',4133,'loyalty'),('Usman686','2019-05-14 15:12:02',4078,'loyalty'),('Utami224','2015-08-24 06:44:44',4215,'loyalty'),('Utami772','2010-06-21 11:13:41',2431,'loyalty'),('Veri517','2018-07-20 22:40:33',5383,'basic'),('Veronica303','2010-02-11 20:36:31',7314,'loyalty'),('Vidya390','2010-01-15 08:54:26',9732,'loyalty'),('Vidya448','2011-08-29 01:55:26',1400,'basic'),('Vina651','2018-03-25 22:38:53',4297,'loyalty'),('Vino199','2014-05-19 01:20:40',7077,'basic'),('Vino304','2010-06-18 16:45:17',3014,'basic'),('Vino955','2017-10-04 06:43:20',2079,'loyalty'),('Vita254','2014-09-12 02:34:12',3447,'loyalty'),('Vivi475','2012-01-29 19:32:31',9999,'basic'),('Wahid595','2016-02-29 05:25:20',5102,'basic'),('Wahyu292','2011-07-09 14:52:25',6807,'loyalty'),('Wahyu319','2011-09-27 15:46:16',710,'basic'),('Wahyu375','2018-11-18 12:27:35',4043,'loyalty'),('Wahyu953','2016-08-06 19:29:51',2356,'basic'),('Wanda296','2011-04-12 01:37:45',8723,'basic'),('Wawan185','2016-05-18 05:09:08',1192,'loyalty'),('Wawan950','2014-11-29 16:41:02',4100,'loyalty'),('Widya984','2011-04-11 15:43:51',7827,'basic'),('Yanto884','2013-07-02 07:02:01',2568,'loyalty'),('Yohana32','2015-03-24 08:13:33',3415,'loyalty'),('Yona355','2013-01-24 10:12:38',1701,'loyalty'),('Yona916','2019-07-13 12:02:58',762,'loyalty'),('Yuda153','2018-11-25 03:22:42',4787,'basic'),('Yuda613','2018-11-06 17:47:49',2938,'basic'),('Yuda892','2016-01-08 01:04:40',2991,'basic'),('Yuda930','2010-10-06 16:26:18',7146,'loyalty'),('Yudha682','2017-08-10 19:45:14',1708,'basic'),('Yuli210','2017-09-09 02:02:30',7827,'basic'),('Yulia746','2020-08-15 05:26:08',9496,'basic'),('Yulia966','2015-01-28 08:03:22',8697,'loyalty'),('Yuni209','2018-08-06 02:53:20',2147,'basic'),('Yuni65','2018-04-10 09:35:21',5994,'loyalty'),('Yuni986','2011-04-23 23:15:28',7053,'loyalty'),('Yusuf527','2012-02-13 05:58:31',9563,'loyalty'),('Yusuf845','2010-04-21 18:16:23',2192,'loyalty'),('Yusuf882','2014-08-17 13:52:23',2815,'basic'),('Zaenal988','2011-05-19 19:57:07',8241,'loyalty'),('Zahra51','2012-09-09 04:34:08',9782,'loyalty'),('Zahra513','2017-02-08 12:48:56',2693,'loyalty'),('Zainal472','2018-01-29 05:14:35',6493,'basic'),('Zainal814','2021-09-28 07:09:18',7065,'loyalty'),('Zainal889','2020-02-02 16:39:19',3905,'basic'),('Zainal994','2016-09-06 21:10:52',7815,'loyalty'),('Zainudin47','2015-11-28 08:06:55',8897,'basic'),('Zaki770','2017-08-06 09:15:56',6429,'basic'),('Zaki772','2019-08-21 22:57:03',614,'loyalty'),('Zaky872','2018-04-07 13:49:24',4555,'basic'),('Zamzam388','2020-11-01 20:03:21',6270,'loyalty'),('Zulfikar236','2014-04-13 00:25:04',9956,'loyalty'),('Zulfikar875','2021-03-20 01:05:43',1905,'loyalty');
/*!40000 ALTER TABLE `customer` ENABLE KEYS */;
UNLOCK TABLES;

--
-- Table structure for table `member_loyalty`
--

DROP TABLE IF EXISTS `member_loyalty`;
/*!40101 SET @saved_cs_client     = @@character_set_client */;
/*!50503 SET character_set_client = utf8mb4 */;
CREATE TABLE `member_loyalty` (
  `username` varchar(20) NOT NULL,
  `tier_level` varchar(10) NOT NULL,
  `point_multiplier` int NOT NULL,
  `member_since` varchar(10) NOT NULL,
  PRIMARY KEY (`username`),
  KEY `tier_level` (`tier_level`,`point_multiplier`),
  CONSTRAINT `member_loyalty_ibfk_1` FOREIGN KEY (`username`) REFERENCES `customer` (`username`),
  CONSTRAINT `member_loyalty_ibfk_2` FOREIGN KEY (`tier_level`, `point_multiplier`) REFERENCES `tier_benefits` (`tier_level`, `point_multiplier`)
) ENGINE=InnoDB DEFAULT CHARSET=utf8mb4 COLLATE=utf8mb4_0900_ai_ci;
/*!40101 SET character_set_client = @saved_cs_client */;

--
-- Dumping data for table `member_loyalty`
--

LOCK TABLES `member_loyalty` WRITE;
/*!40000 ALTER TABLE `member_loyalty` DISABLE KEYS */;
INSERT INTO `member_loyalty` VALUES ('Agus140','Gold',3,'10/4/2018'),('Agus178','Platinum',5,'10/6/2010'),('Agus563','Platinum',4,'4/14/2020'),('Agus746','Silver',1,'8/25/2019'),('Agus9','Silver',2,'11/2/2021'),('Ajeng943','Gold',3,'1/26/2016'),('Aldi557','Platinum',5,'9/2/2010'),('Aldi880','Silver',2,'1/30/2016'),('Alvin747','Gold',3,'5/16/2017'),('Andi462','Silver',1,'12/24/2021'),('Aris205','Platinum',5,'6/8/2019'),('Bambang564','Platinum',5,'4/18/2016'),('Bambang755','Gold',3,'2/21/2012'),('Beby464','Gold',3,'2/15/2013'),('Beby940','Gold',3,'5/12/2021'),('Benny981','Platinum',5,'7/29/2019'),('Cahya356','Gold',3,'10/31/2014'),('Cahya389','Platinum',4,'11/8/2020'),('Chandra374','Silver',1,'12/20/2010'),('Cindy974','Silver',1,'5/6/2014'),('Cinta833','Gold',3,'4/30/2018'),('Citra690','Silver',1,'8/16/2014'),('Citra692','Gold',3,'9/24/2010'),('Citra935','Gold',3,'1/20/2018'),('Clara550','Silver',1,'4/14/2012'),('Clara863','Silver',2,'12/27/2019'),('Dani308','Gold',3,'10/3/2020'),('Dani547','Platinum',5,'2/13/2019'),('Dani918','Platinum',4,'12/31/2011'),('Daniar727','Platinum',4,'12/30/2021'),('Darmawan737','Platinum',4,'1/23/2010'),('David993','Platinum',4,'4/22/2010'),('Desta377','Gold',3,'8/19/2013'),('Dewi15','Silver',2,'6/10/2018'),('Dewi642','Gold',3,'11/20/2018'),('Dwi550','Gold',3,'2/27/2014'),('Ella233','Gold',3,'9/5/2019'),('Emir699','Platinum',4,'9/20/2019'),('Erlangga129','Gold',3,'5/19/2018'),('Erna671','Platinum',5,'8/26/2011'),('Erna937','Gold',3,'8/12/2013'),('Evi569','Platinum',5,'6/7/2017'),('Fahmi329','Gold',3,'1/31/2013'),('Fajar616','Platinum',5,'9/6/2020'),('Fani698','Gold',3,'11/29/2021'),('Farhan180','Platinum',4,'7/15/2018'),('Fatimah839','Gold',3,'4/1/2016'),('Fitra626','Gold',3,'2/25/2012'),('Galih295','Platinum',5,'7/26/2015'),('Genta717','Platinum',4,'7/7/2016'),('Genta730','Silver',1,'4/29/2014'),('Gilang527','Gold',3,'1/3/2019'),('Gilang937','Silver',1,'1/24/2012'),('Gita270','Silver',1,'4/7/2012'),('Gita666','Gold',3,'5/7/2014'),('Habib167','Gold',3,'8/10/2019'),('Habib245','Silver',2,'2/27/2019'),('Hadi224','Silver',1,'5/16/2021'),('Hadi230','Platinum',5,'3/2/2013'),('Hanafi254','Platinum',5,'2/2/2015'),('Hanafi540','Gold',3,'10/16/2010'),('Hendra50','Gold',3,'7/19/2013'),('Hendri894','Gold',3,'12/19/2018'),('Ida907','Silver',1,'1/27/2017'),('Imam888','Silver',2,'3/14/2018'),('Intan942','Silver',1,'12/6/2016'),('Irma450','Gold',3,'5/11/2017'),('Irma780','Platinum',4,'11/5/2014'),('Irwan994','Platinum',4,'5/6/2017'),('Ita59','Silver',1,'12/29/2015'),('Ita746','Gold',3,'10/30/2017'),('Jimmy402','Gold',3,'1/19/2014'),('Jimmy658','Platinum',5,'2/1/2017'),('Johan27','Platinum',5,'12/28/2020'),('Johan438','Silver',2,'6/28/2018'),('Johan810','Platinum',5,'8/17/2016'),('Joko475','Gold',3,'6/28/2011'),('Julian763','Platinum',5,'2/28/2019'),('Julian981','Silver',1,'9/21/2015'),('Kartika68','Platinum',5,'6/21/2017'),('Ken375','Silver',2,'8/14/2012'),('Ken773','Platinum',4,'2/7/2019'),('Ken883','Gold',3,'5/1/2018'),('Kiki379','Silver',1,'1/16/2021'),('Krisna475','Silver',2,'1/9/2015'),('Krisna643','Gold',3,'1/22/2015'),('Lestari629','Silver',1,'1/13/2012'),('Lia992','Gold',3,'10/3/2012'),('Linda72','Platinum',5,'6/20/2020'),('Maria394','Gold',3,'4/9/2016'),('Mega717','Gold',3,'12/20/2021'),('Melati788','Platinum',5,'1/4/2020'),('Melly374','Gold',3,'10/1/2016'),('Meylani651','Silver',2,'11/19/2014'),('Miko165','Platinum',5,'9/16/2013'),('Miko538','Platinum',4,'12/12/2010'),('Miko842','Silver',2,'10/20/2019'),('Nabila987','Gold',3,'2/28/2017'),('Nanda376','Gold',3,'7/5/2014'),('Nanda40','Gold',3,'8/27/2017'),('Nanda751','Silver',1,'2/14/2013'),('Nia142','Silver',1,'3/1/2011'),('Nur376','Silver',1,'3/13/2017'),('Nur774','Silver',2,'9/10/2020'),('Nur793','Silver',1,'3/9/2016'),('Nurul405','Platinum',5,'8/6/2012'),('Octa432','Platinum',5,'6/3/2010'),('Octa593','Gold',3,'3/19/2019'),('Oka516','Gold',3,'11/17/2020'),('Oki516','Silver',2,'4/6/2010'),('Oktavia0','Silver',1,'12/17/2013'),('Oktavia516','Gold',3,'1/2/2011'),('Oktavia877','Gold',3,'12/6/2014'),('Ovi636','Silver',2,'12/13/2017'),('Pratama820','Silver',1,'7/2/2020'),('Prima658','Gold',3,'9/7/2018'),('Priska799','Gold',3,'8/20/2020'),('Purnama913','Gold',3,'2/11/2016'),('Putri216','Gold',3,'5/25/2014'),('Putri298','Silver',1,'5/7/2019'),('Putri329','Silver',2,'5/25/2015'),('Putri572','Silver',2,'12/11/2016'),('Putri583','Gold',3,'5/5/2016'),('Qiana395','Platinum',4,'11/6/2021'),('Qiana792','Silver',2,'1/4/2015'),('Rahman466','Gold',3,'10/30/2021'),('Ratih899','Silver',2,'10/18/2010'),('Rian701','Platinum',4,'10/26/2012'),('Rian711','Platinum',4,'3/14/2018'),('Rio190','Platinum',4,'1/23/2010'),('Sari258','Platinum',4,'4/19/2014'),('Shinta316','Gold',3,'12/31/2016'),('Shinta873','Platinum',5,'5/18/2014'),('Shinta880','Gold',3,'5/15/2017'),('Silvia800','Gold',3,'9/13/2011'),('Sinta580','Gold',3,'7/24/2018'),('Siti878','Platinum',5,'7/27/2016'),('Sonny68','Silver',1,'5/19/2017'),('Stefan112','Platinum',5,'9/16/2010'),('Stefan168','Silver',2,'10/18/2018'),('Stefan591','Gold',3,'6/25/2012'),('Stefan909','Silver',1,'3/28/2017'),('Surya614','Platinum',5,'9/4/2019'),('Surya896','Gold',3,'5/27/2020'),('Syifa15','Gold',3,'11/10/2020'),('Syifa415','Gold',3,'5/12/2013'),('Tri417','Gold',3,'9/16/2019'),('Tyas532','Platinum',5,'9/23/2010'),('Udin412','Platinum',4,'11/5/2014'),('Udin821','Platinum',4,'2/11/2021'),('Ujang65','Platinum',4,'5/6/2011'),('Ujang849','Platinum',4,'6/6/2012'),('Ujang856','Platinum',5,'12/11/2018'),('Ujang884','Gold',3,'10/10/2018'),('Umar695','Platinum',5,'3/4/2013'),('Umi810','Gold',3,'9/27/2012'),('Usman686','Gold',3,'6/6/2020'),('Utami224','Platinum',4,'5/8/2015'),('Utami772','Platinum',5,'8/7/2018'),('Veronica303','Platinum',5,'10/27/2017'),('Vidya390','Platinum',5,'6/12/2016'),('Vina651','Silver',1,'12/14/2015'),('Vino955','Platinum',5,'12/6/2019'),('Vita254','Silver',1,'2/5/2018'),('Wahyu292','Gold',3,'2/20/2011'),('Wahyu375','Gold',3,'8/18/2021'),('Wawan185','Silver',1,'6/13/2014'),('Wawan950','Silver',2,'12/29/2014'),('Yanto884','Gold',3,'8/13/2015'),('Yohana32','Platinum',4,'1/29/2020'),('Yona355','Silver',1,'11/10/2010'),('Yona916','Platinum',5,'3/16/2021'),('Yuda930','Gold',3,'10/19/2011'),('Yulia966','Platinum',5,'6/11/2010'),('Yuni65','Silver',1,'7/12/2018'),('Yuni986','Platinum',4,'12/13/2012'),('Yusuf527','Platinum',4,'2/21/2014'),('Yusuf845','Silver',2,'11/30/2010'),('Zaenal988','Platinum',5,'4/15/2011'),('Zahra51','Platinum',4,'10/10/2017'),('Zahra513','Silver',2,'10/9/2016'),('Zainal814','Silver',2,'3/15/2021'),('Zainal994','Gold',3,'9/5/2016'),('Zaki772','Platinum',5,'3/31/2013'),('Zamzam388','Silver',1,'2/21/2018'),('Zulfikar236','Gold',3,'9/15/2020'),('Zulfikar875','Platinum',4,'3/21/2012');
/*!40000 ALTER TABLE `member_loyalty` ENABLE KEYS */;
UNLOCK TABLES;

--
-- Table structure for table `order_detail`
--

DROP TABLE IF EXISTS `order_detail`;
/*!40101 SET @saved_cs_client     = @@character_set_client */;
/*!50503 SET character_set_client = utf8mb4 */;
CREATE TABLE `order_detail` (
  `order_id` varchar(12) NOT NULL,
  `order_number` int NOT NULL,
  `product_id` varchar(10) DEFAULT NULL,
  `quantity` int DEFAULT NULL,
  PRIMARY KEY (`order_number`,`order_id`),
  UNIQUE KEY `order_number` (`order_number`),
  KEY `order_id` (`order_id`),
  KEY `product_id` (`product_id`),
  CONSTRAINT `order_detail_ibfk_1` FOREIGN KEY (`order_id`) REFERENCES `orders` (`order_id`),
  CONSTRAINT `order_detail_ibfk_2` FOREIGN KEY (`product_id`) REFERENCES `product` (`product_id`)
) ENGINE=InnoDB DEFAULT CHARSET=utf8mb4 COLLATE=utf8mb4_0900_ai_ci;
/*!40101 SET character_set_client = @saved_cs_client */;

--
-- Dumping data for table `order_detail`
--

LOCK TABLES `order_detail` WRITE;
/*!40000 ALTER TABLE `order_detail` DISABLE KEYS */;
INSERT INTO `order_detail` VALUES ('00082-QI-576',1,'LG-6808-VQ',3),('00082-QI-576',2,'VQ-5242-WC',2),('00082-QI-576',3,'LZ-0356-ON',1),('00097-GY-799',4,'QI-2688-YK',1),('00928-AJ-960',5,'QA-4925-UX',7),('01259-JN-495',6,'XZ-7240-UD',1),('01259-JN-495',7,'VU-6942-UF',2),('03250-RK-436',8,'HO-4716-IH',2),('03303-NS-128',9,'CU-4094-OR',1),('03303-NS-128',10,'OY-5320-JY',4),('03817-OB-997',11,'BE-6205-HI',2),('04383-RA-679',12,'VJ-0953-UE',3),('04846-DH-252',13,'WX-7137-FT',1),('04914-RL-481',14,'UY-0637-JJ',7),('05432-MX-007',15,'MM-3328-GR',2),('06758-XK-081',16,'BW-4888-NO',1),('07434-XR-495',17,'HQ-4217-RB',6),('07679-HW-763',18,'BT-2185-VL',2),('07721-IP-960',19,'VQ-6745-EH',5),('09885-QY-545',20,'CH-5310-ZQ',1),('10011-RC-613',21,'BE-7507-CN',1),('10140-KI-391',22,'FQ-1440-ZU',2),('10510-YJ-805',23,'HT-6876-OL',1),('10510-YJ-805',24,'PK-6588-WM',4),('10528-MS-477',25,'DO-3758-JD',7),('11130-II-445',26,'HU-6925-CD',2),('11709-YB-028',27,'SP-6981-VX',1),('12245-BV-067',28,'FK-1455-IN',5),('12245-BV-067',29,'SF-2721-EZ',2),('12245-BV-067',30,'VH-3516-YA',6),('13487-NN-030',31,'KI-6924-US',1),('13487-NN-030',32,'KA-7818-XF',1),('14181-NT-983',33,'AX-1640-RS',2),('14494-YQ-419',34,'HB-1943-FB',4),('14685-IV-110',35,'MS-2443-SO',2),('14685-IV-110',36,'WM-6679-GZ',1),('14720-JI-866',37,'BH-0076-WC',3),('15788-FW-266',38,'PW-9406-GW',1),('16210-YP-787',39,'JP-7720-KB',2),('16210-YP-787',40,'JX-7578-DV',7),('16383-CM-038',41,'GC-9327-RW',1),('16457-AR-053',42,'GK-6923-PK',5),('16457-AR-053',43,'UH-8403-WV',2),('16457-AR-053',44,'IF-3583-KQ',6),('17502-VT-594',45,'HH-6184-HM',1),('17589-TK-224',46,'RA-2782-NB',2),('17589-TK-224',47,'QJ-2867-FK',1),('17951-KD-934',48,'DQ-0513-IA',1),('17951-KD-934',49,'JZ-0208-KK',4),('18539-QU-788',50,'EB-0180-AD',2),('19159-HM-237',51,'LI-4870-YN',3),('19259-JS-225',52,'GD-8232-XE',1),('19876-TA-860',53,'RU-1792-QP',7),('20312-ZL-735',54,'YC-7620-DK',6),('20312-ZL-735',55,'DE-6391-GV',1),('20312-ZL-735',56,'IE-6078-BJ',2),('20390-QZ-547',57,'UQ-9807-MN',2),('21055-UU-499',58,'VI-5937-LM',1),('21055-UU-499',59,'VF-6663-PU',5),('21834-DF-112',60,'SC-5495-GC',1),('21923-CK-356',61,'ZX-5195-LG',4),('21923-CK-356',62,'YM-8897-BF',2),('22185-ME-248',63,'OV-4340-AI',1),('22415-RR-031',64,'NQ-7067-KI',2),('23469-GP-424',65,'YK-0695-AS',3),('23597-VJ-539',66,'TO-9626-CJ',1),('23597-VJ-539',67,'TM-5795-WF',2),('23597-VJ-539',68,'QD-2052-KM',7),('23597-VJ-539',69,'EI-8053-MO',1),('25716-VT-986',70,'MN-6446-PL',6),('25827-HW-920',71,'ON-5677-IC',2),('26164-EX-770',72,'WX-7342-VH',1),('26164-EX-770',73,'IL-0017-PA',1),('26164-EX-770',74,'SW-9892-CG',5),('26377-WX-296',75,'IX-4985-UB',2),('27168-OH-634',76,'PM-1048-TS',4),('27430-XK-397',77,'XC-1774-YA',1),('28180-UD-044',78,'XH-2963-QC',1),('28180-UD-044',79,'HG-7174-YE',3),('28180-UD-044',80,'KS-1913-UW',2),('28412-ME-553',81,'QH-2849-NV',2),('28412-ME-553',82,'GI-8636-JP',7),('28753-AP-010',83,'PO-0154-TA',1),('29217-QE-645',84,'PL-4209-VP',5),('29217-QE-645',85,'RA-9203-DB',2),('29217-QE-645',86,'WB-8545-JE',6),('31747-VV-136',87,'WC-5089-RB',1),('32850-VL-690',88,'ZY-6536-TA',1),('32936-YC-795',89,'LU-2952-LE',4),('32936-YC-795',90,'RN-0168-YN',2),('33936-QZ-843',91,'QY-8868-ST',2),('33936-QZ-843',92,'SY-9703-PU',1),('34101-KJ-503',93,'MT-7975-OK',1),('34101-KJ-503',94,'TA-5437-DS',3),('34261-GL-367',95,'AN-1912-SM',7),('34406-BD-305',96,'WH-7763-JA',2),('34666-QX-107',97,'JJ-9798-EH',1),('35426-OI-109',98,'QQ-5033-QA',6),('36317-PP-281',99,'GC-6270-SL',1),('36317-PP-281',100,'QH-4609-XY',5),('36317-PP-281',101,'FY-6809-KQ',2),('36366-QK-134',102,'CK-8251-TR',2),('36366-QK-134',103,'LV-9182-SP',1),('37572-ZG-605',104,'GV-9585-IW',4),('37676-NH-000',105,'TU-8813-VC',1),('38589-LF-083',106,'KG-8027-LL',3),('38589-LF-083',107,'PS-1865-CM',2),('38781-HT-687',108,'BP-3192-PZ',1),('38912-LY-041',109,'UQ-6270-NJ',7),('39054-PD-638',110,'EH-9330-NL',2),('39258-FN-366',111,'OO-5717-CB',1),('39932-JR-989',112,'LY-8216-RL',2),('39932-JR-989',113,'GK-2455-OZ',6),('40270-CL-132',114,'QZ-1273-RN',5),('40405-TH-510',115,'WE-5835-RT',1),('40405-TH-510',116,'NA-3347-UO',1),('40725-KI-738',117,'HP-1766-KR',2),('41103-UU-682',118,'FD-4134-JC',4),('41178-BK-552',119,'ZK-3139-YL',2),('41178-BK-552',120,'VZ-6531-FL',1),('42041-EV-591',121,'GQ-0005-NB',7),('42041-EV-591',122,'DE-8563-JV',1),('42041-EV-591',123,'OU-8146-BK',3),('42100-JV-287',124,'MX-7927-CS',2),('42328-JX-852',125,'LL-2195-NH',1),('42523-XQ-325',126,'YT-4952-PJ',2),('42523-XQ-325',127,'TM-1674-ES',6),('43483-HE-329',128,'CB-2305-OK',5),('43723-BP-432',129,'QC-6586-CU',1),('44185-UO-552',130,'GT-8721-PQ',2),('44185-UO-552',131,'MP-9463-AD',1),('44828-JW-554',132,'SF-4290-YO',4),('45450-FH-879',133,'NH-9035-XP',1),('45553-NP-544',134,'AJ-2864-VL',2),('46450-NJ-375',135,'BJ-3280-AW',3),('46496-HC-314',136,'HD-8358-WN',1),('46520-YQ-014',137,'AV-6279-PU',2),('46520-YQ-014',138,'OG-1207-KG',7),('46654-WN-912',139,'CJ-3144-ZT',1),('47314-RM-933',140,'BW-2843-MB',6),('47506-WX-954',141,'TG-3086-TF',5),('47506-WX-954',142,'VN-6527-KY',2),('47706-LM-879',143,'ME-5968-TP',1),('47706-LM-879',144,'CK-0861-PG',1),('47899-XT-248',145,'HG-3279-IR',2),('47912-RB-196',146,'SO-7403-UK',1),('47912-RB-196',147,'QG-6383-VX',4),('48132-JA-582',148,'RZ-5970-QC',2),('48936-RK-046',149,'RL-0289-WL',3),('49148-SJ-352',150,'PH-4049-DG',2),('49148-SJ-352',151,'LL-7964-IU',7),('49148-SJ-352',152,'VX-1640-RP',1),('49347-ZK-387',153,'CA-0641-FJ',1),('49464-TH-697',154,'ZR-4247-EU',6),('49612-UI-159',155,'JW-3192-DP',2),('49773-FT-282',156,'ZP-2052-NV',1),('49773-FT-282',157,'UO-5693-AW',5),('50074-YO-090',158,'KR-3696-WW',1),('51060-HF-306',159,'WB-8880-LY',4),('51060-HF-306',160,'PA-7275-IR',2),('51574-MI-519',161,'RH-2254-OR',1),('51816-BS-534',162,'MK-5749-TB',2),('52740-ZI-613',163,'QD-6082-BK',3),('53048-KE-869',164,'VL-9777-HA',7),('53048-KE-869',165,'FM-0734-GT',1),('53356-XY-514',166,'CB-2011-DH',2),('53479-DM-574',167,'SA-9148-NQ',1),('53575-LO-836',168,'NG-0854-VN',6),('53576-YJ-825',169,'FJ-8625-QV',2),('53970-XI-533',170,'EJ-6341-QJ',5),('54208-YH-326',171,'DL-3544-DP',1),('54310-WK-572',172,'CS-2066-NJ',1),('54659-DA-259',173,'ZN-5968-VP',4),('54659-DA-259',174,'VE-4167-KI',2),('54784-KZ-103',175,'AN-8948-CW',1),('55067-WT-091',176,'YM-0264-DY',7),('55067-WT-091',177,'UW-0111-RO',1),('55067-WT-091',178,'QO-8721-GA',3),('55067-WT-091',179,'IY-6712-KP',2),('55095-FZ-119',180,'ED-8795-IO',2),('55369-OX-704',181,'DM-0062-VI',2),('55369-OX-704',182,'EF-3071-IO',6),('55369-OX-704',183,'YV-5024-TV',1),('55435-HY-743',184,'NR-2657-RT',5),('56492-KO-133',185,'UP-6665-NJ',1),('56831-IV-154',186,'ON-3626-WC',2),('56831-IV-154',187,'TL-5378-UD',1),('56902-BV-547',188,'UO-9913-ZF',4),('57621-YC-985',189,'BZ-0612-ZR',1),('57621-YC-985',190,'DJ-6314-IV',3),('57621-YC-985',191,'AS-5466-KY',2),('57621-YC-985',192,'DL-3115-PU',1),('57649-JN-109',193,'HM-1041-OY',2),('57649-JN-109',194,'ML-2807-DH',7),('59042-DK-424',195,'NJ-1021-FR',6),('59042-DK-424',196,'FZ-7452-RZ',2),('59339-AB-067',197,'NC-0934-BE',2),('59339-AB-067',198,'NG-6975-CW',1),('59787-XP-317',199,'NG-6304-EX',1),('59894-QB-117',200,'LZ-0356-ON',2),('59894-QB-117',201,'MH-2229-NP',5),('62410-NC-210',202,'VQ-5242-WC',4),('62481-IF-662',203,'LG-6808-VQ',1),('63109-ZH-875',204,'QI-2688-YK',2),('64368-WO-562',205,'VU-6942-UF',3),('64368-WO-562',206,'QA-4925-UX',2),('64949-FM-281',207,'XZ-7240-UD',1),('66353-ND-669',208,'HO-4716-IH',2),('67049-NZ-153',209,'OY-5320-JY',1),('67275-WF-346',210,'CU-4094-OR',7),('68016-SK-162',211,'BE-6205-HI',2),('68724-YK-242',212,'VJ-0953-UE',1),('69774-IO-286',213,'WX-7137-FT',6),('70068-TX-340',214,'UY-0637-JJ',2),('70510-BJ-702',215,'MM-3328-GR',5),('71786-WX-363',216,'BW-4888-NO',1),('71897-YP-131',217,'BT-2185-VL',2),('71897-YP-131',218,'HQ-4217-RB',1),('72171-ID-663',219,'CH-5310-ZQ',1),('72171-ID-663',220,'VQ-6745-EH',4),('73135-SX-179',221,'FQ-1440-ZU',3),('73135-SX-179',222,'BE-7507-CN',2),('73314-FB-299',223,'PK-6588-WM',1),('74170-NF-175',224,'HT-6876-OL',7),('74705-FL-392',225,'DO-3758-JD',2),('74955-HN-495',226,'VH-3516-YA',2),('74955-HN-495',227,'SP-6981-VX',6),('74955-HN-495',228,'HU-6925-CD',1),('74962-HM-161',229,'SF-2721-EZ',5),('75440-QG-674',230,'FK-1455-IN',1),('76935-ZG-860',231,'KA-7818-XF',1),('77018-AP-139',232,'KI-6924-US',2),('77202-SR-287',233,'WM-6679-GZ',2),('77202-SR-287',234,'HB-1943-FB',1),('77202-SR-287',235,'AX-1640-RS',4),('79188-TK-888',236,'MS-2443-SO',3),('79466-EB-287',237,'JX-7578-DV',2),('79466-EB-287',238,'PW-9406-GW',7),('79466-EB-287',239,'BH-0076-WC',1),('80964-SQ-184',240,'JP-7720-KB',2),('81451-RG-464',241,'GC-9327-RW',6),('82478-AG-580',242,'IF-3583-KQ',1),('82618-MT-688',243,'GK-6923-PK',1),('82618-MT-688',244,'UH-8403-WV',2),('83759-AE-606',245,'RA-2782-NB',4),('83759-AE-606',246,'QJ-2867-FK',2),('83759-AE-606',247,'HH-6184-HM',5),('83780-VV-849',248,'DQ-0513-IA',2),('83780-VV-849',249,'JZ-0208-KK',1),('83966-LP-094',250,'LI-4870-YN',3),('83966-LP-094',251,'EB-0180-AD',2),('83981-VQ-831',252,'GD-8232-XE',1),('85025-DH-502',253,'RU-1792-QP',2),('85032-MR-955',254,'QH-2849-NV',1),('85591-SV-868',255,'YC-7620-DK',2),('85591-SV-868',256,'DE-6391-GV',7),('85675-JL-348',257,'UQ-9807-MN',1),('86374-EV-429',258,'SC-5495-GC',5),('86374-EV-429',259,'VI-5937-LM',2),('86374-EV-429',260,'VF-6663-PU',6),('87530-EI-653',261,'YM-8897-BF',1),('87685-XH-786',262,'ZX-5195-LG',1),('88282-OX-001',263,'OV-4340-AI',2),('88512-EP-116',264,'NQ-7067-KI',4),('89526-CX-270',265,'YK-0695-AS',1),('89662-TI-802',266,'EI-8053-MO',2),('89929-DO-767',267,'TM-5795-WF',1),('89929-DO-767',268,'QD-2052-KM',3),('90344-GL-094',269,'TO-9626-CJ',2),('90502-CO-922',270,'MN-6446-PL',2),('90819-QS-757',271,'ON-5677-IC',7),('92348-HH-457',272,'SW-9892-CG',1),('93061-SA-738',273,'IL-0017-PA',2),('93518-EQ-072',274,'WC-5089-RB',6),('93518-EQ-072',275,'WX-7342-VH',1),('93777-NQ-654',276,'XC-1774-YA',5),('93777-NQ-654',277,'PM-1048-TS',2),('94115-BL-286',278,'HG-7174-YE',1),('94115-BL-286',279,'KS-1913-UW',1),('95739-JP-236',280,'XH-2963-QC',2),('95822-WY-077',281,'GI-8636-JP',4),('95940-ZH-189',282,'QH-2849-NV',1),('96850-FV-708',283,'WB-8545-JE',3),('96850-FV-708',284,'PO-0154-TA',2),('97273-UP-330',285,'RA-9203-DB',1),('97400-TS-542',286,'PL-4209-VP',2),('98463-ZE-011',287,'WC-5089-RB',2),('98925-JA-372',288,'ZY-6536-TA',1);
/*!40000 ALTER TABLE `order_detail` ENABLE KEYS */;
UNLOCK TABLES;

--
-- Table structure for table `order_payment_status`
--

DROP TABLE IF EXISTS `order_payment_status`;
/*!40101 SET @saved_cs_client     = @@character_set_client */;
/*!50503 SET character_set_client = utf8mb4 */;
CREATE TABLE `order_payment_status` (
  `order_id` varchar(12) NOT NULL,
  `payment_status` varchar(20) DEFAULT NULL,
  PRIMARY KEY (`order_id`),
  CONSTRAINT `order_payment_status_ibfk_1` FOREIGN KEY (`order_id`) REFERENCES `orders` (`order_id`)
) ENGINE=InnoDB DEFAULT CHARSET=utf8mb4 COLLATE=utf8mb4_0900_ai_ci;
/*!40101 SET character_set_client = @saved_cs_client */;

--
-- Dumping data for table `order_payment_status`
--

LOCK TABLES `order_payment_status` WRITE;
/*!40000 ALTER TABLE `order_payment_status` DISABLE KEYS */;
INSERT INTO `order_payment_status` VALUES ('00082-QI-576','paid'),('00097-GY-799','paid'),('00928-AJ-960','paid'),('01259-JN-495','paid'),('03250-RK-436','paid'),('03303-NS-128','not yet refunded'),('03817-OB-997','refunded'),('04383-RA-679','refunded'),('04846-DH-252','paid'),('04914-RL-481','not yet refunded'),('05432-MX-007','paid'),('06758-XK-081','paid'),('07434-XR-495','paid'),('07679-HW-763','paid'),('07721-IP-960','paid'),('09885-QY-545','paid'),('10011-RC-613','paid'),('10140-KI-391','paid'),('10510-YJ-805','paid'),('10528-MS-477','paid'),('11130-II-445','refunded'),('11709-YB-028','paid'),('12245-BV-067','paid'),('13487-NN-030','paid'),('14181-NT-983','not yet refunded'),('14494-YQ-419','refunded'),('14685-IV-110','paid'),('14720-JI-866','not yet refunded'),('15788-FW-266','paid'),('16210-YP-787','refunded'),('16383-CM-038','not yet refunded'),('16457-AR-053','paid'),('17502-VT-594','paid'),('17589-TK-224','refunded'),('17951-KD-934','refunded'),('18539-QU-788','paid'),('19159-HM-237','not yet refunded'),('19259-JS-225','refunded'),('19876-TA-860','paid'),('20312-ZL-735','paid'),('20390-QZ-547','paid'),('21055-UU-499','refunded'),('21834-DF-112','paid'),('21923-CK-356','paid'),('22185-ME-248','paid'),('22415-RR-031','paid'),('23469-GP-424','paid'),('23597-VJ-539','paid'),('25716-VT-986','paid'),('25827-HW-920','refunded'),('26164-EX-770','paid'),('26377-WX-296','paid'),('27168-OH-634','paid'),('27430-XK-397','not yet refunded'),('28180-UD-044','paid'),('28412-ME-553','paid'),('28753-AP-010','paid'),('29217-QE-645','paid'),('31747-VV-136','paid'),('32850-VL-690','paid'),('32936-YC-795','paid'),('33936-QZ-843','paid'),('34101-KJ-503','paid'),('34261-GL-367','paid'),('34406-BD-305','paid'),('34666-QX-107','paid'),('35426-OI-109','paid'),('36317-PP-281','paid'),('36366-QK-134','paid'),('37572-ZG-605','not yet refunded'),('37676-NH-000','not yet refunded'),('38589-LF-083','refunded'),('38781-HT-687','not yet refunded'),('38912-LY-041','paid'),('39054-PD-638','paid'),('39258-FN-366','paid'),('39932-JR-989','paid'),('40270-CL-132','not yet refunded'),('40405-TH-510','paid'),('40725-KI-738','paid'),('41103-UU-682','paid'),('41178-BK-552','paid'),('42041-EV-591','refunded'),('42100-JV-287','paid'),('42328-JX-852','paid'),('42523-XQ-325','paid'),('43483-HE-329','paid'),('43723-BP-432','paid'),('44185-UO-552','paid'),('44828-JW-554','paid'),('45450-FH-879','paid'),('45553-NP-544','not yet refunded'),('46450-NJ-375','paid'),('46496-HC-314','paid'),('46520-YQ-014','paid'),('46654-WN-912','paid'),('47314-RM-933','refunded'),('47506-WX-954','refunded'),('47706-LM-879','paid'),('47899-XT-248','paid'),('47912-RB-196','paid'),('48132-JA-582','paid'),('48936-RK-046','paid'),('49148-SJ-352','refunded'),('49347-ZK-387','paid'),('49464-TH-697','paid'),('49612-UI-159','not yet refunded'),('49773-FT-282','paid'),('50074-YO-090','paid'),('51060-HF-306','paid'),('51574-MI-519','paid'),('51816-BS-534','refunded'),('52740-ZI-613','paid'),('53048-KE-869','paid'),('53356-XY-514','not yet refunded'),('53479-DM-574','paid'),('53575-LO-836','not yet refunded'),('53576-YJ-825','refunded'),('53970-XI-533','paid'),('54208-YH-326','paid'),('54310-WK-572','paid'),('54659-DA-259','paid'),('54784-KZ-103','paid'),('55067-WT-091','paid'),('55095-FZ-119','paid'),('55369-OX-704','paid'),('55435-HY-743','paid'),('56492-KO-133','paid'),('56831-IV-154','paid'),('56902-BV-547','paid'),('57621-YC-985','not yet refunded'),('57649-JN-109','paid'),('59042-DK-424','paid'),('59339-AB-067','paid'),('59787-XP-317','paid'),('59894-QB-117','refunded'),('62410-NC-210','paid'),('62481-IF-662','paid'),('63109-ZH-875','paid'),('64368-WO-562','paid'),('64949-FM-281','paid'),('66353-ND-669','refunded'),('67049-NZ-153','paid'),('67275-WF-346','paid'),('68016-SK-162','refunded'),('68724-YK-242','paid'),('69774-IO-286','paid'),('70068-TX-340','paid'),('70510-BJ-702','paid'),('71786-WX-363','paid'),('71897-YP-131','paid'),('72171-ID-663','refunded'),('73135-SX-179','paid'),('73314-FB-299','paid'),('74170-NF-175','refunded'),('74705-FL-392','paid'),('74955-HN-495','paid'),('74962-HM-161','paid'),('75440-QG-674','paid'),('76935-ZG-860','paid'),('77018-AP-139','paid'),('77202-SR-287','not yet refunded'),('79188-TK-888','paid'),('79466-EB-287','paid'),('80964-SQ-184','paid'),('81451-RG-464','refunded'),('82478-AG-580','paid'),('82618-MT-688','paid'),('83759-AE-606','paid'),('83780-VV-849','paid'),('83966-LP-094','not yet refunded'),('83981-VQ-831','paid'),('85025-DH-502','paid'),('85032-MR-955','paid'),('85591-SV-868','paid'),('85675-JL-348','paid'),('86374-EV-429','refunded'),('87530-EI-653','paid'),('87685-XH-786','paid'),('88282-OX-001','paid'),('88512-EP-116','refunded'),('89526-CX-270','refunded'),('89662-TI-802','paid'),('89929-DO-767','paid'),('90344-GL-094','paid'),('90502-CO-922','not yet refunded'),('90819-QS-757','paid'),('92348-HH-457','paid'),('93061-SA-738','paid'),('93518-EQ-072','paid'),('93777-NQ-654','paid'),('94115-BL-286','paid'),('95739-JP-236','paid'),('95822-WY-077','paid'),('95940-ZH-189','not yet refunded'),('96850-FV-708','not yet refunded'),('97273-UP-330','paid'),('97400-TS-542','paid'),('98463-ZE-011','paid'),('98925-JA-372','not yet refunded');
/*!40000 ALTER TABLE `order_payment_status` ENABLE KEYS */;
UNLOCK TABLES;

--
-- Table structure for table `orders`
--

DROP TABLE IF EXISTS `orders`;
/*!40101 SET @saved_cs_client     = @@character_set_client */;
/*!50503 SET character_set_client = utf8mb4 */;
CREATE TABLE `orders` (
  `order_id` varchar(12) NOT NULL,
  `order_date` datetime DEFAULT NULL,
  `status` varchar(10) DEFAULT NULL,
  `username` varchar(20) DEFAULT NULL,
  PRIMARY KEY (`order_id`),
  KEY `username` (`username`),
  CONSTRAINT `orders_ibfk_1` FOREIGN KEY (`username`) REFERENCES `customer` (`username`)
) ENGINE=InnoDB DEFAULT CHARSET=utf8mb4 COLLATE=utf8mb4_0900_ai_ci;
/*!40101 SET character_set_client = @saved_cs_client */;

--
-- Dumping data for table `orders`
--

LOCK TABLES `orders` WRITE;
/*!40000 ALTER TABLE `orders` DISABLE KEYS */;
INSERT INTO `orders` VALUES ('00082-QI-576','2024-10-23 17:45:57','completed','Ovi705'),('00097-GY-799','2024-11-16 08:14:38','shipped','Elang736'),('00928-AJ-960','2024-02-16 06:58:08','packed','Farhan263'),('01259-JN-495','2024-10-28 13:57:58','completed','Wanda296'),('03250-RK-436','2023-12-05 03:11:53','completed','Ujang856'),('03303-NS-128','2024-09-10 20:35:36','canceled','Surya614'),('03817-OB-997','2024-01-24 00:02:37','canceled','Surya893'),('04383-RA-679','2024-05-22 06:28:17','canceled','Johan810'),('04846-DH-252','2023-12-16 18:06:09','packed','Joko45'),('04914-RL-481','2024-05-15 08:29:47','canceled','Oki516'),('05432-MX-007','2024-04-03 01:17:07','packed','Habib245'),('06758-XK-081','2024-07-08 06:49:27','completed','Cinta833'),('07434-XR-495','2024-05-25 14:57:28','shipped','Gavin737'),('07679-HW-763','2023-12-15 02:41:56','shipped','Farhan645'),('07721-IP-960','2024-02-20 17:07:07','shipped','Bambang564'),('09885-QY-545','2024-05-30 05:39:19','shipped','Zaenal988'),('10011-RC-613','2023-12-31 15:14:52','packed','Cahya356'),('10140-KI-391','2023-12-05 01:23:28','shipped','Oktavia516'),('10510-YJ-805','2024-01-08 07:36:23','shipped','Cahya389'),('10528-MS-477','2024-01-18 20:17:05','shipped','Meylani651'),('11130-II-445','2024-07-26 00:15:00','canceled','Wawan950'),('11709-YB-028','2024-01-10 07:46:52','packed','Fani805'),('12245-BV-067','2024-06-02 06:16:19','completed','Ken1000'),('13487-NN-030','2024-03-21 13:28:02','packed','Vina651'),('14181-NT-983','2024-01-20 05:43:28','canceled','Stefan909'),('14494-YQ-419','2024-05-25 18:51:07','canceled','Tia623'),('14685-IV-110','2024-10-07 06:30:11','shipped','Miko538'),('14720-JI-866','2024-01-20 15:36:33','canceled','Shinta316'),('15788-FW-266','2024-03-05 15:04:27','packed','Shinta880'),('16210-YP-787','2024-03-12 00:38:20','canceled','Oktavia877'),('16383-CM-038','2024-10-02 02:58:29','canceled','Hanafi291'),('16457-AR-053','2024-05-26 12:10:44','shipped','Vino955'),('17502-VT-594','2024-07-30 21:22:42','completed','Irwan994'),('17589-TK-224','2024-09-20 21:14:31','canceled','Nabila987'),('17951-KD-934','2024-08-10 14:17:10','canceled','Made397'),('18539-QU-788','2024-05-16 02:25:16','packed','Andi665'),('19159-HM-237','2024-02-22 23:27:05','canceled','Shinta880'),('19259-JS-225','2024-11-17 01:52:21','canceled','Hanafi291'),('19876-TA-860','2023-12-27 09:43:42','shipped','Habib692'),('20312-ZL-735','2023-12-15 14:32:13','packed','Ujang856'),('20390-QZ-547','2024-06-11 12:32:41','shipped','Octa432'),('21055-UU-499','2024-01-10 02:16:16','canceled','Taufik230'),('21834-DF-112','2024-08-07 10:55:38','packed','Ita59'),('21923-CK-356','2024-04-11 17:13:08','shipped','Miko165'),('22185-ME-248','2024-08-02 16:31:36','shipped','Stefan350'),('22415-RR-031','2024-07-13 13:35:03','completed','Fikri947'),('23469-GP-424','2024-11-26 10:35:32','shipped','Imam195'),('23597-VJ-539','2023-12-18 00:43:11','packed','Yusuf845'),('25716-VT-986','2024-05-24 01:27:34','completed','Desta695'),('25827-HW-920','2023-12-25 08:44:17','canceled','Stefan591'),('26164-EX-770','2024-02-25 08:55:05','completed','Desta695'),('26377-WX-296','2024-03-15 15:34:13','shipped','Imam383'),('27168-OH-634','2024-05-20 13:53:03','shipped','Siti878'),('27430-XK-397','2024-01-14 15:19:53','canceled','Putri298'),('28180-UD-044','2024-04-03 17:11:02','packed','Beby707'),('28412-ME-553','2024-09-14 08:02:58','shipped','Wahyu375'),('28753-AP-010','2024-08-16 14:05:14','packed','Irwan994'),('29217-QE-645','2024-04-13 13:46:10','shipped','Krisna643'),('31747-VV-136','2024-05-07 18:41:03','shipped','Ovi705'),('32850-VL-690','2024-04-19 07:00:01','packed','Rahmat356'),('32936-YC-795','2024-03-25 07:43:38','completed','Kiki611'),('33936-QZ-843','2024-02-01 13:26:32','completed','Dani308'),('34101-KJ-503','2024-05-27 23:58:33','packed','Habib692'),('34261-GL-367','2024-01-04 18:17:04','packed','Silvia910'),('34406-BD-305','2024-05-14 22:07:51','shipped','Galih823'),('34666-QX-107','2024-06-19 06:46:32','completed','Hanafi254'),('35426-OI-109','2024-01-07 05:23:02','shipped','Yuni209'),('36317-PP-281','2024-07-05 10:24:40','completed','Kanaya441'),('36366-QK-134','2024-01-10 10:23:47','shipped','Umi810'),('37572-ZG-605','2024-04-04 02:35:16','canceled','Gilang532'),('37676-NH-000','2024-01-12 17:10:03','canceled','Agus9'),('38589-LF-083','2024-06-06 14:14:29','canceled','Linda152'),('38781-HT-687','2024-11-14 06:10:45','canceled','Rahman308'),('38912-LY-041','2024-11-05 08:42:35','packed','Galih823'),('39054-PD-638','2024-07-11 04:03:21','packed','Arif478'),('39258-FN-366','2024-01-24 23:53:19','packed','Hadi230'),('39932-JR-989','2024-09-01 13:11:15','packed','Udin821'),('40270-CL-132','2024-02-20 08:14:26','canceled','Zaki770'),('40405-TH-510','2024-08-31 18:02:04','shipped','Alfian633'),('40725-KI-738','2024-01-16 16:05:24','shipped','Vino304'),('41103-UU-682','2024-04-07 07:10:08','packed','Desta48'),('41178-BK-552','2024-05-06 21:44:45','completed','Miko842'),('42041-EV-591','2024-09-15 12:16:57','canceled','Zainudin47'),('42100-JV-287','2024-09-19 06:39:51','packed','Dani918'),('42328-JX-852','2024-05-30 08:10:43','shipped','Citra935'),('42523-XQ-325','2024-05-13 05:15:42','completed','Luki274'),('43483-HE-329','2024-04-08 12:36:11','packed','Oktavia0'),('43723-BP-432','2024-07-06 12:43:49','shipped','Joko216'),('44185-UO-552','2024-01-15 03:21:12','completed','Nanda306'),('44828-JW-554','2023-12-23 11:09:08','completed','Indra431'),('45450-FH-879','2024-07-16 10:34:07','completed','Clara550'),('45553-NP-544','2024-06-01 22:48:03','canceled','Ujang856'),('46450-NJ-375','2024-08-01 06:28:53','completed','Nur793'),('46496-HC-314','2024-08-31 08:37:02','completed','Putri216'),('46520-YQ-014','2024-09-01 17:29:18','shipped','Janu312'),('46654-WN-912','2024-07-09 11:07:55','shipped','Luki274'),('47314-RM-933','2024-07-22 21:37:29','canceled','Farhan263'),('47506-WX-954','2024-05-22 15:50:24','canceled','Joko78'),('47706-LM-879','2023-12-21 04:28:21','completed','Ken375'),('47899-XT-248','2024-04-11 01:31:26','shipped','Hadi372'),('47912-RB-196','2024-01-02 01:01:10','packed','Yuni65'),('48132-JA-582','2024-11-17 23:49:44','shipped','Shinta316'),('48936-RK-046','2024-01-11 20:58:52','shipped','Habib692'),('49148-SJ-352','2024-09-11 14:05:52','canceled','Oktavia877'),('49347-ZK-387','2023-12-24 10:49:34','shipped','Octa559'),('49464-TH-697','2024-07-25 06:34:38','completed','Shinta316'),('49612-UI-159','2024-06-17 07:07:58','canceled','Hendra50'),('49773-FT-282','2023-12-28 21:06:21','packed','Shinta316'),('50074-YO-090','2024-05-18 08:07:49','completed','Beby464'),('51060-HF-306','2024-09-30 14:43:32','shipped','Hendri894'),('51574-MI-519','2024-09-27 16:52:38','shipped','Zaky872'),('51816-BS-534','2024-02-27 04:22:38','canceled','Fahmi329'),('52740-ZI-613','2024-05-02 00:53:24','shipped','Nabila987'),('53048-KE-869','2024-11-20 16:22:29','packed','Hendra294'),('53356-XY-514','2024-04-03 03:54:35','canceled','Prima722'),('53479-DM-574','2024-01-28 16:27:49','shipped','Firman246'),('53575-LO-836','2024-09-21 20:29:00','canceled','Ujang884'),('53576-YJ-825','2024-07-03 02:25:33','canceled','Rian711'),('53970-XI-533','2024-02-14 23:44:25','packed','Zainal814'),('54208-YH-326','2024-04-28 16:24:07','completed','Desta377'),('54310-WK-572','2024-10-27 23:07:24','completed','Surya896'),('54659-DA-259','2024-06-30 13:41:02','completed','Linda72'),('54784-KZ-103','2024-02-10 13:50:56','shipped','Miko538'),('55067-WT-091','2024-02-03 00:05:17','packed','Kiki611'),('55095-FZ-119','2024-11-18 10:59:17','packed','Shinta873'),('55369-OX-704','2024-02-26 06:03:28','completed','Linda529'),('55435-HY-743','2024-02-18 07:39:24','completed','Miko538'),('56492-KO-133','2024-06-04 22:17:08','packed','Nur774'),('56831-IV-154','2024-10-19 08:02:04','packed','Udin821'),('56902-BV-547','2024-04-06 06:22:41','packed','Imam383'),('57621-YC-985','2024-01-05 11:35:59','canceled','Joko78'),('57649-JN-109','2024-05-06 03:57:35','completed','David993'),('59042-DK-424','2024-07-04 07:36:46','shipped','Sonny68'),('59339-AB-067','2024-07-15 10:15:42','completed','Zainal889'),('59787-XP-317','2024-05-17 11:21:12','completed','Gilang152'),('59894-QB-117','2024-11-01 21:42:25','canceled','Stefan112'),('62410-NC-210','2024-06-29 07:48:16','shipped','Desta48'),('62481-IF-662','2024-01-15 10:08:19','packed','Nurul591'),('63109-ZH-875','2024-10-22 08:27:45','packed','Vino955'),('64368-WO-562','2024-05-28 19:08:06','completed','Tri417'),('64949-FM-281','2023-12-06 10:50:21','packed','Fahri720'),('66353-ND-669','2024-03-23 21:10:17','canceled','Farhan263'),('67049-NZ-153','2024-06-23 17:01:37','shipped','Hendra294'),('67275-WF-346','2024-11-20 14:19:42','packed','Silvia910'),('68016-SK-162','2024-08-25 22:00:21','canceled','Rama777'),('68724-YK-242','2024-08-02 04:25:07','completed','Surya893'),('69774-IO-286','2024-05-03 12:42:11','shipped','Linda529'),('70068-TX-340','2024-01-12 18:38:05','completed','Putri859'),('70510-BJ-702','2024-06-10 20:21:17','completed','Lestari629'),('71786-WX-363','2024-03-01 00:33:54','shipped','Johan27'),('71897-YP-131','2024-11-22 07:14:06','packed','Yuda930'),('72171-ID-663','2024-01-22 08:17:49','canceled','Imam195'),('73135-SX-179','2023-12-07 15:13:54','shipped','Surya893'),('73314-FB-299','2024-08-12 16:23:31','shipped','Alfian559'),('74170-NF-175','2024-01-07 23:50:56','canceled','Wahyu375'),('74705-FL-392','2024-01-28 07:16:10','packed','Qiana395'),('74955-HN-495','2024-10-21 06:19:17','shipped','Shinta880'),('74962-HM-161','2024-04-24 05:49:21','shipped','Julian763'),('75440-QG-674','2024-08-23 01:16:57','completed','Bambang755'),('76935-ZG-860','2023-12-29 01:11:57','completed','Genta118'),('77018-AP-139','2024-05-06 09:36:26','completed','Oki516'),('77202-SR-287','2024-06-15 22:34:32','canceled','Lia992'),('79188-TK-888','2024-10-09 23:42:44','completed','Darmawan737'),('79466-EB-287','2024-11-01 12:13:46','shipped','Tia623'),('80964-SQ-184','2024-10-27 23:35:28','packed','Arif478'),('81451-RG-464','2024-08-19 06:38:54','canceled','Novianti855'),('82478-AG-580','2024-11-06 15:27:30','shipped','Nanda306'),('82618-MT-688','2024-08-29 03:01:09','packed','Joko556'),('83759-AE-606','2024-01-05 18:28:10','completed','Hendri894'),('83780-VV-849','2024-01-07 12:07:01','shipped','Nurul591'),('83966-LP-094','2024-07-01 16:50:33','canceled','Yona355'),('83981-VQ-831','2024-10-14 18:43:32','packed','Agus563'),('85025-DH-502','2024-01-16 10:34:00','completed','Joko78'),('85032-MR-955','2024-08-13 03:53:01','shipped','Genta118'),('85591-SV-868','2024-06-05 19:39:03','shipped','Mega114'),('85675-JL-348','2024-07-24 19:47:50','completed','Taufik417'),('86374-EV-429','2024-10-12 03:18:09','canceled','Genta728'),('87530-EI-653','2024-04-25 21:26:48','completed','Oki582'),('87685-XH-786','2024-05-12 11:44:40','packed','Sari803'),('88282-OX-001','2024-04-18 13:00:13','completed','Octa812'),('88512-EP-116','2024-06-20 16:26:02','canceled','Melly374'),('89526-CX-270','2024-06-29 17:42:45','canceled','Oktavia0'),('89662-TI-802','2024-02-05 20:28:51','shipped','Yusuf882'),('89929-DO-767','2023-12-26 21:35:47','packed','Elang736'),('90344-GL-094','2023-12-16 19:55:52','packed','Evi443'),('90502-CO-922','2024-01-16 10:28:54','canceled','Veronica303'),('90819-QS-757','2024-01-27 10:46:21','packed','Gina64'),('92348-HH-457','2024-03-20 03:02:59','shipped','Putri329'),('93061-SA-738','2024-08-15 21:53:28','completed','Umi419'),('93518-EQ-072','2024-10-26 07:17:59','shipped','Octa972'),('93777-NQ-654','2024-06-04 13:30:22','shipped','Fani698'),('94115-BL-286','2024-08-09 08:51:28','packed','Putri329'),('95739-JP-236','2024-05-13 15:01:38','completed','Darmawan103'),('95822-WY-077','2024-04-24 12:27:03','completed','Arif193'),('95940-ZH-189','2023-12-24 11:18:20','canceled','Ovi636'),('96850-FV-708','2024-03-19 18:39:55','canceled','Irfan874'),('97273-UP-330','2024-07-08 03:25:30','packed','Krisna475'),('97400-TS-542','2024-04-01 06:50:51','completed','Bambang564'),('98463-ZE-011','2024-02-11 17:48:10','shipped','Beby940'),('98925-JA-372','2024-10-14 04:17:54','canceled','Alfian559');
/*!40000 ALTER TABLE `orders` ENABLE KEYS */;
UNLOCK TABLES;

--
-- Table structure for table `payment_detail`
--

DROP TABLE IF EXISTS `payment_detail`;
/*!40101 SET @saved_cs_client     = @@character_set_client */;
/*!50503 SET character_set_client = utf8mb4 */;
CREATE TABLE `payment_detail` (
  `payment_time` datetime NOT NULL,
  `payment_method` varchar(20) NOT NULL,
  `order_id` varchar(12) DEFAULT NULL,
  PRIMARY KEY (`payment_time`,`payment_method`)
) ENGINE=InnoDB DEFAULT CHARSET=utf8mb4 COLLATE=utf8mb4_0900_ai_ci;
/*!40101 SET character_set_client = @saved_cs_client */;

--
-- Dumping data for table `payment_detail`
--

LOCK TABLES `payment_detail` WRITE;
/*!40000 ALTER TABLE `payment_detail` DISABLE KEYS */;
INSERT INTO `payment_detail` VALUES ('2023-12-05 02:23:28','Venmo','10140-KI-391'),('2023-12-05 05:11:53','Google Pay','03250-RK-436'),('2023-12-06 12:50:21','Venmo','64949-FM-281'),('2023-12-07 17:13:54','credit card','73135-SX-179'),('2023-12-15 05:41:56','debit card','07679-HW-763'),('2023-12-15 16:32:13','PayPal','20312-ZL-735'),('2023-12-16 20:55:52','Google Pay','90344-GL-094'),('2023-12-16 21:06:09','Apple Pay','04846-DH-252'),('2023-12-18 05:43:11','Google Pay','23597-VJ-539'),('2023-12-21 05:28:21','Google Pay','47706-LM-879'),('2023-12-23 16:09:08','Apple Pay','44828-JW-554'),('2023-12-24 13:49:34','Apple Pay','49347-ZK-387'),('2023-12-24 16:18:20','PayPal','95940-ZH-189'),('2023-12-25 13:44:17','PayPal','25827-HW-920'),('2023-12-27 02:35:47','Google Pay','89929-DO-767'),('2023-12-27 10:43:42','Venmo','19876-TA-860'),('2023-12-29 01:06:21','Google Pay','49773-FT-282'),('2023-12-29 05:11:57','Google Pay','76935-ZG-860'),('2023-12-31 18:14:52','Google Pay','10011-RC-613'),('2024-01-02 02:01:10','Google Pay','47912-RB-196'),('2024-01-04 21:17:04','PayPal','34261-GL-367'),('2024-01-05 15:35:59','Google Pay','57621-YC-985'),('2024-01-05 21:28:10','PayPal','83759-AE-606'),('2024-01-07 08:23:02','Google Pay','35426-OI-109'),('2024-01-07 16:07:01','PayPal','83780-VV-849'),('2024-01-08 04:50:56','Apple Pay','74170-NF-175'),('2024-01-08 10:36:23','debit card','10510-YJ-805'),('2024-01-10 04:16:16','credit card','21055-UU-499'),('2024-01-10 08:46:52','Venmo','11709-YB-028'),('2024-01-10 15:23:47','PayPal','36366-QK-134'),('2024-01-11 23:58:52','PayPal','48936-RK-046'),('2024-01-12 19:38:05','Apple Pay','70068-TX-340'),('2024-01-12 21:10:03','credit card','37676-NH-000'),('2024-01-14 18:19:53','PayPal','27430-XK-397'),('2024-01-15 08:21:12','debit card','44185-UO-552'),('2024-01-15 14:08:19','PayPal','62481-IF-662'),('2024-01-16 13:34:00','Apple Pay','85025-DH-502'),('2024-01-16 15:28:54','Google Pay','90502-CO-922'),('2024-01-16 18:05:24','PayPal','40725-KI-738'),('2024-01-18 22:17:05','PayPal','10528-MS-477'),('2024-01-20 09:43:28','PayPal','14181-NT-983'),('2024-01-20 17:36:33','Venmo','14720-JI-866'),('2024-01-22 10:17:49','Venmo','72171-ID-663'),('2024-01-24 01:02:37','Google Pay','03817-OB-997'),('2024-01-25 03:53:19','credit card','39258-FN-366'),('2024-01-27 11:46:21','credit card','90819-QS-757'),('2024-01-28 08:16:10','credit card','74705-FL-392'),('2024-01-28 18:27:49','Google Pay','53479-DM-574'),('2024-02-01 16:26:32','Venmo','33936-QZ-843'),('2024-02-03 03:05:17','PayPal','55067-WT-091'),('2024-02-05 23:28:51','Apple Pay','89662-TI-802'),('2024-02-10 15:50:56','credit card','54784-KZ-103'),('2024-02-11 20:48:10','Apple Pay','98463-ZE-011'),('2024-02-15 04:44:25','debit card','53970-XI-533'),('2024-02-16 10:58:08','debit card','00928-AJ-960'),('2024-02-18 11:39:24','debit card','55435-HY-743'),('2024-02-20 13:14:26','Google Pay','40270-CL-132'),('2024-02-20 22:07:07','credit card','07721-IP-960'),('2024-02-23 04:27:05','Google Pay','19159-HM-237'),('2024-02-25 09:55:05','Google Pay','26164-EX-770'),('2024-02-26 11:03:28','Apple Pay','55369-OX-704'),('2024-02-27 06:22:38','Google Pay','51816-BS-534'),('2024-03-01 05:33:54','credit card','71786-WX-363'),('2024-03-05 20:04:27','debit card','15788-FW-266'),('2024-03-12 04:38:20','Venmo','16210-YP-787'),('2024-03-15 18:34:13','credit card','26377-WX-296'),('2024-03-19 19:39:55','Google Pay','96850-FV-708'),('2024-03-20 06:02:59','Google Pay','92348-HH-457'),('2024-03-21 17:28:02','Venmo','13487-NN-030'),('2024-03-23 22:10:17','debit card','66353-ND-669'),('2024-03-25 08:43:38','Venmo','32936-YC-795'),('2024-04-01 07:50:51','PayPal','97400-TS-542'),('2024-04-03 02:17:07','credit card','05432-MX-007'),('2024-04-03 05:54:35','PayPal','53356-XY-514'),('2024-04-03 18:11:02','Apple Pay','28180-UD-044'),('2024-04-04 04:35:16','Apple Pay','37572-ZG-605'),('2024-04-06 11:22:41','PayPal','56902-BV-547'),('2024-04-07 08:10:08','Google Pay','41103-UU-682'),('2024-04-08 16:36:11','debit card','43483-HE-329'),('2024-04-11 04:31:26','Apple Pay','47899-XT-248'),('2024-04-11 20:13:08','PayPal','21923-CK-356'),('2024-04-13 17:46:10','debit card','29217-QE-645'),('2024-04-18 18:00:13','credit card','88282-OX-001'),('2024-04-19 09:00:01','Apple Pay','32850-VL-690'),('2024-04-24 07:49:21','Google Pay','74962-HM-161'),('2024-04-24 14:27:03','Google Pay','95822-WY-077'),('2024-04-26 02:26:48','debit card','87530-EI-653'),('2024-04-28 19:24:07','credit card','54208-YH-326'),('2024-05-02 05:53:24','PayPal','52740-ZI-613'),('2024-05-03 17:42:11','debit card','69774-IO-286'),('2024-05-06 07:57:35','PayPal','57649-JN-109'),('2024-05-06 10:36:26','debit card','77018-AP-139'),('2024-05-06 22:44:45','debit card','41178-BK-552'),('2024-05-07 22:41:03','PayPal','31747-VV-136'),('2024-05-12 14:44:40','Google Pay','87685-XH-786'),('2024-05-13 10:15:42','Apple Pay','42523-XQ-325'),('2024-05-13 16:01:38','credit card','95739-JP-236'),('2024-05-15 01:07:51','debit card','34406-BD-305'),('2024-05-15 10:29:47','Venmo','04914-RL-481'),('2024-05-16 03:25:16','debit card','18539-QU-788'),('2024-05-17 12:21:12','Venmo','59787-XP-317'),('2024-05-18 09:07:49','Apple Pay','50074-YO-090'),('2024-05-20 15:53:03','Venmo','27168-OH-634'),('2024-05-22 08:28:17','Apple Pay','04383-RA-679'),('2024-05-22 19:50:24','Apple Pay','47506-WX-954'),('2024-05-24 03:27:34','Venmo','25716-VT-986'),('2024-05-25 19:57:28','credit card','07434-XR-495'),('2024-05-25 23:51:07','Apple Pay','14494-YQ-419'),('2024-05-26 13:10:44','debit card','16457-AR-053'),('2024-05-28 00:58:33','credit card','34101-KJ-503'),('2024-05-28 20:08:06','debit card','64368-WO-562'),('2024-05-30 06:39:19','credit card','09885-QY-545'),('2024-05-30 13:10:43','Apple Pay','42328-JX-852'),('2024-06-02 02:48:03','Venmo','45553-NP-544'),('2024-06-02 08:16:19','Venmo','12245-BV-067'),('2024-06-04 14:30:22','PayPal','93777-NQ-654'),('2024-06-05 01:17:08','PayPal','56492-KO-133'),('2024-06-05 20:39:03','Apple Pay','85591-SV-868'),('2024-06-06 18:14:29','credit card','38589-LF-083'),('2024-06-11 00:21:17','Apple Pay','70510-BJ-702'),('2024-06-11 14:32:41','Google Pay','20390-QZ-547'),('2024-06-16 01:34:32','Apple Pay','77202-SR-287'),('2024-06-17 10:07:58','Venmo','49612-UI-159'),('2024-06-19 11:46:32','Apple Pay','34666-QX-107'),('2024-06-20 21:26:02','Google Pay','88512-EP-116'),('2024-06-23 19:01:37','Apple Pay','67049-NZ-153'),('2024-06-29 10:48:16','credit card','62410-NC-210'),('2024-06-29 22:42:45','PayPal','89526-CX-270'),('2024-06-30 17:41:02','Venmo','54659-DA-259'),('2024-07-01 18:50:33','debit card','83966-LP-094'),('2024-07-03 05:25:33','PayPal','53576-YJ-825'),('2024-07-04 12:36:46','Apple Pay','59042-DK-424'),('2024-07-05 13:24:40','PayPal','36317-PP-281'),('2024-07-06 15:43:49','Apple Pay','43723-BP-432'),('2024-07-08 05:25:30','PayPal','97273-UP-330'),('2024-07-08 11:49:27','PayPal','06758-XK-081'),('2024-07-09 16:07:55','credit card','46654-WN-912'),('2024-07-11 08:03:21','PayPal','39054-PD-638'),('2024-07-13 14:35:03','credit card','22415-RR-031'),('2024-07-15 11:15:42','credit card','59339-AB-067'),('2024-07-16 12:34:07','PayPal','45450-FH-879'),('2024-07-23 02:37:29','PayPal','47314-RM-933'),('2024-07-24 23:47:50','PayPal','85675-JL-348'),('2024-07-25 10:34:38','debit card','49464-TH-697'),('2024-07-26 05:15:00','Venmo','11130-II-445'),('2024-07-31 01:22:42','Apple Pay','17502-VT-594'),('2024-08-01 08:28:53','Apple Pay','46450-NJ-375'),('2024-08-02 07:25:07','Google Pay','68724-YK-242'),('2024-08-02 18:31:36','credit card','22185-ME-248'),('2024-08-07 11:55:38','Apple Pay','21834-DF-112'),('2024-08-09 11:51:28','Apple Pay','94115-BL-286'),('2024-08-10 15:17:10','Venmo','17951-KD-934'),('2024-08-12 18:23:31','Google Pay','73314-FB-299'),('2024-08-13 07:53:01','Google Pay','85032-MR-955'),('2024-08-16 01:53:28','Venmo','93061-SA-738'),('2024-08-16 17:05:14','debit card','28753-AP-010'),('2024-08-19 08:38:54','credit card','81451-RG-464'),('2024-08-23 06:16:57','Apple Pay','75440-QG-674'),('2024-08-26 02:00:21','credit card','68016-SK-162'),('2024-08-29 07:01:09','Apple Pay','82618-MT-688'),('2024-08-31 11:37:02','debit card','46496-HC-314'),('2024-08-31 23:02:04','PayPal','40405-TH-510'),('2024-09-01 14:11:15','debit card','39932-JR-989'),('2024-09-01 18:29:18','credit card','46520-YQ-014'),('2024-09-11 00:35:36','PayPal','03303-NS-128'),('2024-09-11 18:05:52','PayPal','49148-SJ-352'),('2024-09-14 10:02:58','Google Pay','28412-ME-553'),('2024-09-15 14:16:57','Venmo','42041-EV-591'),('2024-09-19 07:39:51','Apple Pay','42100-JV-287'),('2024-09-21 02:14:31','PayPal','17589-TK-224'),('2024-09-22 01:29:00','debit card','53575-LO-836'),('2024-09-27 19:52:38','Google Pay','51574-MI-519'),('2024-09-30 18:43:32','credit card','51060-HF-306'),('2024-10-02 03:58:29','PayPal','16383-CM-038'),('2024-10-07 09:30:11','debit card','14685-IV-110'),('2024-10-10 00:42:44','Venmo','79188-TK-888'),('2024-10-12 05:18:09','Apple Pay','86374-EV-429'),('2024-10-14 07:17:54','credit card','98925-JA-372'),('2024-10-14 23:43:32','credit card','83981-VQ-831'),('2024-10-19 11:02:04','credit card','56831-IV-154'),('2024-10-21 09:19:17','Apple Pay','74955-HN-495'),('2024-10-22 13:27:45','PayPal','63109-ZH-875'),('2024-10-23 19:45:57','PayPal','00082-QI-576'),('2024-10-26 11:17:59','PayPal','93518-EQ-072'),('2024-10-28 01:07:24','PayPal','54310-WK-572'),('2024-10-28 02:35:28','Apple Pay','80964-SQ-184'),('2024-10-28 18:57:58','Google Pay','01259-JN-495'),('2024-11-01 15:13:46','Venmo','79466-EB-287'),('2024-11-01 22:42:25','Venmo','59894-QB-117'),('2024-11-05 11:42:35','Google Pay','38912-LY-041'),('2024-11-06 17:27:30','Apple Pay','82478-AG-580'),('2024-11-14 10:10:45','credit card','38781-HT-687'),('2024-11-16 11:14:38','Venmo','00097-GY-799'),('2024-11-17 05:52:21','debit card','19259-JS-225'),('2024-11-18 03:49:44','Google Pay','48132-JA-582'),('2024-11-18 13:59:17','credit card','55095-FZ-119'),('2024-11-20 18:19:42','PayPal','67275-WF-346'),('2024-11-20 18:22:29','PayPal','53048-KE-869'),('2024-11-22 09:14:06','Apple Pay','71897-YP-131'),('2024-11-26 13:35:32','Apple Pay','23469-GP-424');
/*!40000 ALTER TABLE `payment_detail` ENABLE KEYS */;
UNLOCK TABLES;

--
-- Table structure for table `product`
--

DROP TABLE IF EXISTS `product`;
/*!40101 SET @saved_cs_client     = @@character_set_client */;
/*!50503 SET character_set_client = utf8mb4 */;
CREATE TABLE `product` (
  `product_id` varchar(10) NOT NULL,
  `product_name` varchar(40) DEFAULT NULL,
  `stock` int DEFAULT NULL,
  `price` int DEFAULT NULL,
  PRIMARY KEY (`product_id`)
) ENGINE=InnoDB DEFAULT CHARSET=utf8mb4 COLLATE=utf8mb4_0900_ai_ci;
/*!40101 SET character_set_client = @saved_cs_client */;

--
-- Dumping data for table `product`
--

LOCK TABLES `product` WRITE;
/*!40000 ALTER TABLE `product` DISABLE KEYS */;
INSERT INTO `product` VALUES ('AJ-2864-VL','Fitness Tracker',286,140),('AN-1912-SM','Designer Sunglasses',274,396),('AN-8948-CW','Gourmet Coffee Maker',262,327),('AS-5466-KY','Designer Sunglasses',869,411),('AV-6279-PU','Organic Skincare Set',645,450),('AX-1640-RS','Smartphone Holder',253,182),('BE-6205-HI','Portable Bluetooth Speaker',737,167),('BE-7507-CN','Portable Bluetooth Speaker',871,118),('BH-0076-WC','Smartphone Holder',138,110),('BJ-3280-AW','Fitness Tracker',22,453),('BP-3192-PZ','Designer Sunglasses',225,32),('BT-2185-VL','Travel Backpack',355,367),('BW-2843-MB','Fitness Tracker',687,275),('BW-4888-NO','Handcrafted Jewelry',54,179),('BZ-0612-ZR','Portable Bluetooth Speaker',704,46),('CA-0641-FJ','Portable Bluetooth Speaker',616,226),('CB-2011-DH','Smartphone Holder',887,29),('CB-2305-OK','Fitness Tracker',168,214),('CH-5310-ZQ','Designer Sunglasses',739,285),('CJ-3144-ZT','Portable Bluetooth Speaker',154,170),('CK-0861-PG','Fitness Tracker',630,64),('CK-8251-TR','Handcrafted Jewelry',255,467),('CS-2066-NJ','Portable Bluetooth Speaker',494,96),('CU-4094-OR','Organic Skincare Set',773,431),('DE-6391-GV','Handcrafted Jewelry',747,408),('DE-8563-JV','Smartphone Holder',566,71),('DJ-6314-IV','Organic Skincare Set',117,495),('DL-3115-PU','Luxury Watch',239,172),('DL-3544-DP','Portable Bluetooth Speaker',619,480),('DM-0062-VI','Luxury Watch',792,150),('DO-3758-JD','Organic Skincare Set',434,184),('DQ-0513-IA','Vintage Record Player',848,56),('EB-0180-AD','Smartphone Holder',444,54),('ED-8795-IO','Vintage Record Player',134,69),('EF-3071-IO','Smartphone Holder',621,108),('EH-9330-NL','Fitness Tracker',311,293),('EI-8053-MO','Smartphone Holder',239,315),('EJ-6341-QJ','Fitness Tracker',922,162),('FD-4134-JC','Vintage Record Player',681,418),('FJ-8625-QV','Vintage Record Player',558,342),('FK-1455-IN','Handcrafted Jewelry',151,14),('FM-0734-GT','Smartphone Holder',435,130),('FQ-1440-ZU','Handcrafted Jewelry',566,39),('FY-6809-KQ','Smartphone Holder',408,192),('FZ-7452-RZ','Luxury Watch',270,374),('GC-6270-SL','Designer Sunglasses',266,187),('GC-9327-RW','Fitness Tracker',545,433),('GD-8232-XE','Fitness Tracker',831,209),('GI-8636-JP','Portable Bluetooth Speaker',352,487),('GK-2455-OZ','Organic Skincare Set',661,455),('GK-6923-PK','Organic Skincare Set',177,138),('GQ-0005-NB','Vintage Record Player',106,435),('GT-8721-PQ','Luxury Watch',387,460),('GV-9585-IW','Fitness Tracker',254,236),('HB-1943-FB','Travel Backpack',219,229),('HD-8358-WN','Luxury Watch',689,339),('HG-3279-IR','Smartphone Holder',749,344),('HG-7174-YE','Gourmet Coffee Maker',406,19),('HH-6184-HM','Travel Backpack',877,303),('HM-1041-OY','Vintage Record Player',188,472),('HO-4716-IH','Vintage Record Player',382,477),('HP-1766-KR','Fitness Tracker',762,258),('HQ-4217-RB','Vintage Record Player',187,253),('HT-6876-OL','Designer Sunglasses',553,362),('HU-6925-CD','Designer Sunglasses',67,83),('IE-6078-BJ','Handcrafted Jewelry',285,37),('IF-3583-KQ','Designer Sunglasses',887,115),('IL-0017-PA','Fitness Tracker',881,165),('IX-4985-UB','Vintage Record Player',499,443),('IY-6712-KP','Travel Backpack',716,106),('JJ-9798-EH','Fitness Tracker',535,51),('JP-7720-KB','Travel Backpack',740,273),('JW-3192-DP','Organic Skincare Set',374,394),('JX-7578-DV','Portable Bluetooth Speaker',716,76),('JZ-0208-KK','Smartphone Holder',469,347),('KA-7818-XF','Smartphone Holder',877,27),('KG-8027-LL','Portable Bluetooth Speaker',114,261),('KI-6924-US','Handcrafted Jewelry',24,24),('KR-3696-WW','Smartphone Holder',800,160),('KS-1913-UW','Handcrafted Jewelry',41,221),('LG-6808-VQ','Luxury Watch',742,416),('LI-4870-YN','Luxury Watch',124,403),('LL-2195-NH','Gourmet Coffee Maker',403,93),('LL-7964-IU','Designer Sunglasses',253,34),('LU-2952-LE','Vintage Record Player',426,423),('LV-9182-SP','Handcrafted Jewelry',410,470),('LY-8216-RL','Organic Skincare Set',657,271),('LZ-0356-ON','Smartphone Holder',968,317),('ME-5968-TP','Vintage Record Player',802,421),('MH-2229-NP','Portable Bluetooth Speaker',914,288),('MK-5749-TB','Organic Skincare Set',517,81),('ML-2807-DH','Organic Skincare Set',13,206),('MM-3328-GR','Handcrafted Jewelry',642,391),('MN-6446-PL','Travel Backpack',268,379),('MP-9463-AD','Vintage Record Player',378,42),('MS-2443-SO','Organic Skincare Set',137,74),('MT-7975-OK','Fitness Tracker',201,177),('MX-7927-CS','Portable Bluetooth Speaker',51,204),('NA-3347-UO','Smartphone Holder',346,142),('NC-0934-BE','Travel Backpack',306,482),('NG-0854-VN','Travel Backpack',580,101),('NG-6304-EX','Fitness Tracker',558,349),('NG-6975-CW','Designer Sunglasses',715,401),('NH-9035-XP','Organic Skincare Set',13,78),('NJ-1021-FR','Smartphone Holder',920,91),('NQ-7067-KI','Organic Skincare Set',690,256),('NR-2657-RT','Travel Backpack',534,113),('OG-1207-KG','Travel Backpack',860,428),('ON-3626-WC','Luxury Watch',450,49),('ON-5677-IC','Travel Backpack',526,86),('OO-5717-CB','Smartphone Holder',42,152),('OU-8146-BK','Handcrafted Jewelry',166,66),('OV-4340-AI','Gourmet Coffee Maker',529,125),('OY-5320-JY','Luxury Watch',3,485),('PA-7275-IR','Smartphone Holder',971,413),('PH-4049-DG','Organic Skincare Set',481,295),('PK-6588-WM','Designer Sunglasses',742,335),('PL-4209-VP','Travel Backpack',775,426),('PM-1048-TS','Smartphone Holder',596,61),('PO-0154-TA','Portable Bluetooth Speaker',574,278),('PS-1865-CM','Handcrafted Jewelry',242,490),('PW-9406-GW','Vintage Record Player',429,310),('QA-4925-UX','Portable Bluetooth Speaker',446,133),('QC-6586-CU','Designer Sunglasses',914,224),('QD-2052-KM','Luxury Watch',157,145),('QD-6082-BK','Organic Skincare Set',377,371),('QG-6383-VX','Vintage Record Player',988,189),('QH-2849-NV','Fitness Tracker',751,194),('QH-4609-XY','Travel Backpack',207,337),('QI-2688-YK','Gourmet Coffee Maker',852,307),('QJ-2867-FK','Smartphone Holder',719,22),('QO-8721-GA','Travel Backpack',285,369),('QQ-5033-QA','Luxury Watch',850,263),('QY-8868-ST','Fitness Tracker',527,243),('QZ-1273-RN','Vintage Record Player',485,147),('RA-2782-NB','Vintage Record Player',181,492),('RA-9203-DB','Luxury Watch',194,12),('RH-2254-OR','Fitness Tracker',560,298),('RL-0289-WL','Travel Backpack',175,88),('RN-0168-YN','Designer Sunglasses',526,332),('RU-1792-QP','Handcrafted Jewelry',351,330),('RZ-5970-QC','Luxury Watch',135,44),('SA-9148-NQ','Luxury Watch',104,445),('SC-5495-GC','Smartphone Holder',14,231),('SF-2721-EZ','Handcrafted Jewelry',318,98),('SF-4290-YO','Designer Sunglasses',854,238),('SO-7403-UK','Portable Bluetooth Speaker',952,216),('SP-6981-VX','Smartphone Holder',683,312),('SW-9892-CG','Gourmet Coffee Maker',386,248),('SY-9703-PU','Luxury Watch',277,359),('TA-5437-DS','Designer Sunglasses',338,475),('TG-3086-TF','Gourmet Coffee Maker',293,399),('TL-5378-UD','Fitness Tracker',453,322),('TM-1674-ES','Travel Backpack',588,202),('TM-5795-WF','Vintage Record Player',764,320),('TO-9626-CJ','Portable Bluetooth Speaker',871,497),('TU-8813-VC','Designer Sunglasses',899,280),('UH-8403-WV','Luxury Watch',179,438),('UO-5693-AW','Gourmet Coffee Maker',980,290),('UO-9913-ZF','Organic Skincare Set',54,357),('UP-6665-NJ','Luxury Watch',708,234),('UQ-6270-NJ','Smartphone Holder',580,283),('UQ-9807-MN','Handcrafted Jewelry',437,389),('UW-0111-RO','Travel Backpack',823,10),('UY-0637-JJ','Gourmet Coffee Maker',766,123),('VE-4167-KI','Organic Skincare Set',174,219),('VF-6663-PU','Gourmet Coffee Maker',772,59),('VH-3516-YA','Fitness Tracker',424,211),('VI-5937-LM','Portable Bluetooth Speaker',238,463),('VJ-0953-UE','Organic Skincare Set',478,174),('VL-9777-HA','Luxury Watch',101,197),('VN-6527-KY','Organic Skincare Set',667,381),('VQ-5242-WC','Organic Skincare Set',935,268),('VQ-6745-EH','Vintage Record Player',749,128),('VU-6942-UF','Organic Skincare Set',294,266),('VX-1640-RP','Organic Skincare Set',550,241),('VZ-6531-FL','Organic Skincare Set',286,300),('WB-8545-JE','Designer Sunglasses',416,448),('WB-8880-LY','Luxury Watch',910,120),('WC-5089-RB','Designer Sunglasses',738,135),('WE-5835-RT','Luxury Watch',645,199),('WH-7763-JA','Designer Sunglasses',513,465),('WM-6679-GZ','Luxury Watch',186,103),('WX-7137-FT','Organic Skincare Set',612,325),('WX-7342-VH','Travel Backpack',707,157),('XC-1774-YA','Luxury Watch',161,354),('XH-2963-QC','Luxury Watch',464,352),('XZ-7240-UD','Smartphone Holder',4,440),('YC-7620-DK','Travel Backpack',530,406),('YK-0695-AS','Luxury Watch',891,364),('YM-0264-DY','Portable Bluetooth Speaker',581,458),('YM-8897-BF','Fitness Tracker',331,384),('YT-4952-PJ','Handcrafted Jewelry',324,155),('YV-5024-TV','Portable Bluetooth Speaker',213,386),('ZK-3139-YL','Travel Backpack',181,305),('ZN-5968-VP','Luxury Watch',456,17),('ZP-2052-NV','Smartphone Holder',571,246),('ZR-4247-EU','Smartphone Holder',686,376),('ZX-5195-LG','Designer Sunglasses',866,251),('ZY-6536-TA','Gourmet Coffee Maker',371,500);
/*!40000 ALTER TABLE `product` ENABLE KEYS */;
UNLOCK TABLES;

--
-- Table structure for table `rate_desc`
--

DROP TABLE IF EXISTS `rate_desc`;
/*!40101 SET @saved_cs_client     = @@character_set_client */;
/*!50503 SET character_set_client = utf8mb4 */;
CREATE TABLE `rate_desc` (
  `rating` int NOT NULL,
  `description` varchar(300) NOT NULL,
  PRIMARY KEY (`rating`)
) ENGINE=InnoDB DEFAULT CHARSET=utf8mb4 COLLATE=utf8mb4_0900_ai_ci;
/*!40101 SET character_set_client = @saved_cs_client */;

--
-- Dumping data for table `rate_desc`
--

LOCK TABLES `rate_desc` WRITE;
/*!40000 ALTER TABLE `rate_desc` DISABLE KEYS */;
INSERT INTO `rate_desc` VALUES (1,'Produk ini tidak memenuhi harapan, dengan masalah signifikan seperti kualitas buruk, ketidaksesuaian fungsi, atau kerusakan yang cepat. Pengguna sangat tidak puas.'),(2,'Produk ini memiliki beberapa aspek positif, tetapi kekurangannya lebih dominan. Masalah seperti performa yang kurang konsisten atau bahan yang kurang memadai sering dilaporkan.'),(3,'Produk ini cukup memadai untuk kebutuhan dasar, tetapi tidak menonjol. Beberapa pengguna merasa puas, sementara yang lain menemukan kekurangan kecil, seperti fitur yang terbatas atau daya tahan yang biasa saja.'),(4,'Produk ini berkinerja sangat baik dengan sedikit kekurangan. Pengguna umumnya puas dengan kualitas, fungsi, dan daya tahan, meskipun mungkin ada ruang untuk peningkatan kecil.'),(5,'Produk ini sempurna dalam kualitas dan performa, sepenuhnya memenuhi atau bahkan melampaui harapan pengguna. Sangat direkomendasikan untuk siapa pun yang mencari keandalan dan kepuasan maksimal.');
/*!40000 ALTER TABLE `rate_desc` ENABLE KEYS */;
UNLOCK TABLES;

--
-- Table structure for table `shipping_address`
--

DROP TABLE IF EXISTS `shipping_address`;
/*!40101 SET @saved_cs_client     = @@character_set_client */;
/*!50503 SET character_set_client = utf8mb4 */;
CREATE TABLE `shipping_address` (
  `username` varchar(20) NOT NULL,
  `shipping_number` varchar(30) NOT NULL,
  `recipient_name` varchar(30) NOT NULL,
  `street` varchar(40) NOT NULL,
  `province` varchar(40) NOT NULL,
  `city` varchar(40) NOT NULL,
  `postal_code` int NOT NULL,
  `phone` varchar(40) NOT NULL,
  PRIMARY KEY (`username`,`shipping_number`,`recipient_name`,`street`,`city`,`province`,`postal_code`,`phone`),
  KEY `shipping_number` (`shipping_number`),
  CONSTRAINT `shipping_address_ibfk_1` FOREIGN KEY (`username`) REFERENCES `customer` (`username`),
  CONSTRAINT `shipping_address_ibfk_2` FOREIGN KEY (`shipping_number`) REFERENCES `shipping_code` (`shipping_number`)
) ENGINE=InnoDB DEFAULT CHARSET=utf8mb4 COLLATE=utf8mb4_0900_ai_ci;
/*!40101 SET character_set_client = @saved_cs_client */;

--
-- Dumping data for table `shipping_address`
--

LOCK TABLES `shipping_address` WRITE;
/*!40000 ALTER TABLE `shipping_address` DISABLE KEYS */;
INSERT INTO `shipping_address` VALUES ('Darmawan737','AJN1041850','Intan Pakpahan','Gang Raya Taman No. 96','Kalimantan Utara','Buli',77811,'(+62)882-1126-6304'),('Joko78','AJN1622351','Firman Perangin-angin','Pandan Melati Kenangan No. 55','Kalimantan Selatan','Kandangan',71211,'(+62)824-2472-7430'),('Arif478','AJN2366839','Tri Priyono','Tepi Sutera Cempaka No. 46','Kalimantan Tengah','Kotawaringin Timur',74111,'(+62)870-4052-0242'),('Linda529','AJN2400326','Dani Situmorang','Manggis Kencana Pahlawan No. 34','Bengkulu','Rejang Lebong',39111,'(+62)848-2238-5800'),('Nanda306','AJN2582329','Sonny Sarumpaet','Rukun Pandawa Batu No. 46','Maluku','Ambon',97111,'(+62)836-7134-3923'),('Hendri894','AJN2724523','Octa Nadeak','Lingkar Anggrek Gemilang No. 73','Riau','Kampar',28411,'(+62)897-5450-5790'),('Hadi230','AJN3234414','Yanto Parulian','Kuda Bintang Anggrek No. 89','Kalimantan Timur','Paser',77211,'(+62)863-6777-9087'),('Zainal814','AJN3274883','Rahman Pangaribuan','Raya Sumber Pahlawan No. 91','Sulawesi Tengah','Palu',94111,'(+62)839-6931-8648'),('Darmawan103','AJN4175538','Hendra Nababan','Sutera Bergas Taman No. 53','Kalimantan Utara','Malinau',77711,'(+62)845-8692-3477'),('Hendri894','AJN4232905','Desta Sitanggang','Taman Krisna Borneo No. 24','Sumatera Barat','Padang',25111,'(+62)823-5696-6788'),('Beby707','AJN4320709','Maya Nababan','Gemilang Kenangan Bintang No. 98','Kalimantan Selatan','Banjarmasin',70111,'(+62)819-7982-7507'),('Miko538','AJN4389656','Udin Simbolon','Rukun Sejahtera Mangga No. 84','Kepulauan Riau','Batam',29411,'(+62)886-3387-2564'),('Prima722','AJN4786384','Hana Sihombing','Anggrek Kenanga Aroma No. 64','Maluku','Saumlaki',97811,'(+62)829-1971-6508'),('Desta695','AJN5933565','Gavin Hutabarat','Taman Kencana Bintang No. 94','Banten','Cilegon',42411,'(+62)847-9358-4871'),('Desta377','AJN6089286','Usman Manik','Melati Taman Cendana No. 97','Bali','Singaraja',81111,'(+62)877-4395-1373'),('Oktavia877','AJN6232453','Putri Napitu','Kenanga Mas Sejahtera No. 61','Aceh','Sabang',23511,'(+62)815-8764-6859'),('Linda72','AJN7035603','Poppy Tobing','Rukun Melati Kencana No. 78','Kepulauan Riau','Bintan',29121,'(+62)819-8831-6353'),('Johan810','AJN7445969','Teguh Limbong','Cempaka Bukit Pahlawan No. 10','Nusa Tenggara Barat','Sumbawa',84111,'(+62)894-6210-8635'),('Udin821','AJN8001788','Rina Rizky','Eka Cendana Taman No. 9','Sumatera Barat','Padang',25111,'(+62)835-6067-9877'),('Miko842','AJN9251660','Imam Batubara','Indah Taman Gemilang No. 76','Papua','Merauke',99611,'(+62)885-5845-0277'),('Beby940','AJR2021548','Purnama Puspita','Harapan Aroma Sejahtera No. 30','Jambi','Kerinci',37111,'(+62)863-2815-3099'),('Genta728','AJR3588803','Elang Pakpahan','Jalan Merdeka Bergas No. 69','Sumatera Selatan','Muara Enim',31311,'(+62)828-1126-8417'),('Zainal889','AJR3998812','Intan Panjaitan','Bunga Cendana Sutera No. 35','Sulawesi Utara','Manado',95111,'(+62)828-4887-6137'),('Rama777','AJR5410705','Harun Sagala','Kencana Sumber Aroma No. 46','Sumatera Selatan','Muara Enim',31311,'(+62)879-0800-4422'),('Vino955','AJR6357484','Galih Tambunan','Rukun Taman Kenangan No. 75','Sumatera Utara','Pematang Siantar',21111,'(+62)880-9283-1418'),('Evi443','AJR6383437','Eko Manik','Mutiara Kenanga Mutiara No. 25','Sulawesi Barat','Polewali Mandar',91351,'(+62)896-6339-9991'),('Irwan994','AJR6568204','Vita Parulian','Harapan Mas Pahlawan No. 18','Kalimantan Timur','Samarinda',75111,'(+62)821-0871-3445'),('Firman246','AJR6998952','Vivi Matondang','Bunga Karang Pahlawan No. 94','Sulawesi Barat','Polewali Mandar',91351,'(+62)837-0500-9226'),('Arif193','AJR7519079','Hanafi Pardede','Eka Merdeka Karang No. 63','DIY','Sleman',55511,'(+62)840-3518-0046'),('Ujang856','AJR8191690','Budi Sitanggang','Mutiara Pahlawan Cahaya No. 51','Kalimantan Tengah','Palangka Raya',73111,'(+62)849-5845-5251'),('Shinta316','AJR8234263','Prima Hardjono','Eka Tirta Anggrek No. 5','Kalimantan Selatan','Kandangan',71211,'(+62)816-6078-8661'),('Farhan263','AJR8616978','Oktaviani Barus','Pahlawan Batu Bukit No. 56','Sumatera Barat','Bukittinggi',26111,'(+62)822-1788-8439'),('Tia623','AJR9053811','Budi Lumban Gaol','Bunga Kencana Taman No. 69','Sulawesi Utara','Manado',95111,'(+62)890-8122-9675'),('Miko165','AJR9442665','Eko Pandiangan','Tepi Sriwijaya Kencana No. 48','Sumatera Selatan','Palembang',30111,'(+62)883-5938-4618'),('Made397','AJR9873769','Arif Saragih','Lestari Bunga Surya No. 98','Kalimantan Utara','Malinau',77711,'(+62)886-8182-7494'),('Kiki611','AJR9917680','Vino Situmorang','Mutiara Satria Cempaka No. 59','Jakarta','Jakarta Pusat',10110,'(+62)883-3948-4963'),('Irfan874','AJR9941598','Ujang Hutasoit','Pahlawan Bunga Mas No. 46','Sulawesi Tengah','Donggala',94311,'(+62)883-1699-1012'),('Oktavia877','AJS1151326915477','Hana Tarigan','Bintang Mandala Mas No. 24','Papua Barat','Raja Ampat',98451,'(+62)830-4565-7367'),('Elang736','AJS1588258846526','Ajeng Ananda','Pahlawan Bintang Pahlawan No. 24','Sulawesi Barat','Mamuju',91511,'(+62)887-1924-9239'),('Octa432','AJS1778820287505','Fikri Wibowo','Gading Cempaka Sumber No. 20','Nusa Tenggara Barat','Sumbawa',84111,'(+62)848-9528-1518'),('Octa432','AJS3512499984286','Nia Tambunan','Bintang Indah Pahlawan No. 81','Kalimantan Barat','Pontianak',78111,'(+62)882-8958-3012'),('Janu312','AJS4262021302504','Beby Aritonang','Taman Cendana Pahlawan No. 97','Banten','Tangerang',15111,'(+62)850-7660-7426'),('Farhan263','AJS5654990459728','Ismail Rahman','Harapan Batu Satria No. 13','Aceh','Banda Aceh',23111,'(+62)850-3246-6825'),('Yuni209','AJS6424640188233','Poppy Sipayung','Gita Pahlawan Taman No. 15','Aceh','Lhokseumawe',24311,'(+62)812-8252-2794'),('Arif478','AJS6726868918556','Dian Naibaho','Sutera Mas Cempaka No. 47','Nusa Tenggara Timur','Ruteng',86211,'(+62)862-7804-6657'),('Agus563','AJS7660271095021','Galih Hutabarat','Manggis Gemilang Gemilang No. 44','Kalimantan Barat','Pontianak',78111,'(+62)811-7780-5460'),('Janu312','AJS8178771010788','Ovi Harahap','Sutera Pahlawan Surya No. 96','Jawa Tengah','Magelang',56110,'(+62)862-3830-9042'),('Farhan263','AJS8216484272467','Gita Hutabarat','Bukit Pahlawan Gemilang No. 77','Sulawesi Tenggara','Kendari',93111,'(+62)823-6651-1788'),('Desta695','AJS8749810493975','Wahid Harahap','Sutera Sejahtera Surya No. 80','Kalimantan Selatan','Banjarbaru',70711,'(+62)875-9902-6238'),('Bambang755','AJS8959565761571','Usman Purba','NusantaraPahlawan Kencana No. 65','Aceh','Sabang',23511,'(+62)844-1583-0876'),('Hanafi254','AJS9262465783091','Luki Fadilah','Taman Karunia Bintang No. 32','Kalimantan Selatan','Banjarmasin',70111,'(+62)889-2536-8139'),('Miko538','BEST13268930','Tri Butarbutar','Gita Sejahtera Melati No. 78','Nusa Tenggara Timur','Ende',86311,'(+62)840-6493-3543'),('Nanda306','BEST19917180','Fatimah Sitanggang','Tulung Harapan Gemilang No. 53','Nusa Tenggara Timur','Maumere',86111,'(+62)884-2683-7541'),('Beby940','BEST26573296','Farhan Pardede','Sutera Sutera Sumber No. 65','Sumatera Utara','Medan',20211,'(+62)891-3014-8276'),('Oki516','BEST27537846','Usman Manurung','Lingkar Taman Cempaka No. 41','Sumatera Barat','Pariaman',25511,'(+62)860-5668-0607'),('Arif478','BEST46179980','Kiki Siregar','Raya Merdeka Cahaya No. 51','Kalimantan Selatan','Martapura',70811,'(+62)890-4351-6732'),('Krisna643','BEST50342847','Nurul Butarbutar','Indah Mas Satria No. 20','Bengkulu','Rejang Lebong',39111,'(+62)892-0691-1060'),('Wanda296','BEST53150993','Laila Tambunan','Cahaya Melati Bukit No. 98','Sumatera Selatan','Lubuklinggau',31611,'(+62)873-6715-1525'),('Bambang564','BEST66449622','David Lubis','Cahaya Cendana Raya No. 47','Sulawesi Tenggara','Kendari',93111,'(+62)811-3824-3808'),('Firman246','BEST72247689','Yanto Sibarani','Boulevard Pahlawan Cahaya No. 75','Sumatera Selatan','Palembang',30111,'(+62)811-7890-2315'),('Gilang152','BEST82349465','Dewi Lumban Gaol','Seroja Taman Indah No. 38','Kalimantan Utara','Nunukan',77411,'(+62)818-4577-9383'),('Ujang884','BEST89306027','Umi Tobing','Taman Satria Sumber No. 89','Sulawesi Tengah','Palu',94111,'(+62)892-6408-1228'),('Shinta316','BEST92370046','Vidya Perangin-angin','Sejahtera Merdeka Raya No. 62','Sumatera Barat','Bukittinggi',26111,'(+62)890-9905-1234'),('Stefan591','BEST97640933','Eka Butarbutar','Pahlawan Raya Mandala No. 22','Kalimantan Barat','Pontianak',78111,'(+62)880-1139-2918'),('Udin821','HLU10871733','Fahri Santoso','Pahlawan Gemilang Pahlawan No. 3','Bali','Gianyar',80511,'(+62)855-9394-4049'),('Elang736','HLU11709179','Fikri Kusuma','Mawar Bergas Harapan No. 67','Sulawesi Tenggara','Kendari',93111,'(+62)871-6418-9088'),('Imam383','HLU28555605','Indra Sitinjak','Cahaya Sumber Borneo No. 41','Kalimantan Timur','Paser',77211,'(+62)886-9081-9952'),('Agus9','HLU43826485','Novi Br Tarigan','Gang Taman Mas No. 36','Kalimantan Utara','Buli',77811,'(+62)838-7734-9759'),('Habib692','HLU44372697','Poppy Sitorus','Raya Gemilang Nusantara No. 7','Nusa Tenggara Timur','Kupang',85011,'(+62)856-1408-2785'),('Joko216','HLU56308451','Poppy Sarumpaet','Mawar Gemilang Cempaka No. 7','Nusa Tenggara Barat','Sumbawa',84111,'(+62)858-9509-7247'),('Putri298','HLU71685654','Hasna Siregar','Lestari Mas Gemilang No. 82','Jakarta','Jakarta Selatan',12510,'(+62)848-1377-1888'),('Lia992','HLU74429270','Farhan Manik','Mawar Mangga Cendana No. 45','Jambi','Kota Jambi',36111,'(+62)859-0517-2017'),('Hanafi291','HLU80867819','Poppy Butarbutar','Perumahan Kenanga Merdeka No. 11','Riau','Dumai',28811,'(+62)817-7719-1166'),('Zaky872','HLU87012464','Ismail Pasaribu','Cahaya Cendana Kencana No. 14','Sulawesi Tengah','Poso',94611,'(+62)845-4128-9440'),('Clara550','HLU96412490','Ismail Pratama','Manggis Bunga Kenanga No. 83','Jawa Barat','Bandung',40211,'(+62)827-0834-3859'),('Yona355','JD1769974254','Dewi Santika','Seroja Sumber Pandawa No. 86','Sulawesi Utara','Manado',95111,'(+62)893-2523-8189'),('Genta118','JD3237134696','Ella Sagala','Kenanga Kenanga Mutiara No. 13','Sumatera Barat','Bukittinggi',26111,'(+62)856-4239-2057'),('Yusuf882','JD3910098206','Zainal Tambunan','Rukun Anggrek Anggrek No. 85','Aceh','Sabang',23511,'(+62)824-8204-3827'),('Janu312','JD5337273566','Zaky Kurniawan','Krisna Mandala Indah No. 61','Aceh','Langsa',24411,'(+62)876-3103-8385'),('Habib692','JD5350556077','Oka Tarigan','Krisna Sumber Raya No. 75','Nusa Tenggara Barat','Sumbawa',84111,'(+62)837-2880-0029'),('Dani918','JD5483206844','Galuh Sihombing','Manggis Aroma Batu No. 50','Lampung','Metro',34111,'(+62)836-7301-1391'),('Ovi705','JD5850071160','Yulia Perangin-angin','Seroja Taman Cendana No. 45','Bengkulu','Seluma',39311,'(+62)839-8924-2788'),('Hendri894','JD6080723906','Gita Panjaitan','Gading Pahlawan Surya No. 41','Kalimantan Tengah','Barito Selatan',73511,'(+62)811-2601-5503'),('Luki274','JD6811704655','Oktavia Lubis','Jalan Kencana Melati No. 27','Kalimantan Selatan','Banjarbaru',70711,'(+62)824-7075-6719'),('Rahman308','JD7177674510','Poppy Tobing','Manggis Krisna Cahaya No. 8','Sumatera Utara','Medan',20211,'(+62)876-1838-5830'),('Novianti855','JD9355067816','Pratama Hutauruk','Komplek Borneo Cendana No. 68','Aceh','Langsa',24411,'(+62)850-0755-2785'),('Melly374','JNAP1178208119','Putri Amiruddin','Krisna Taman Bintang No. 34','Sulawesi Tenggara','Buton',93911,'(+62)893-4590-5340'),('Nur793','JNAP1439099008','Endah Sianipar','Pahlawan Krisna Surya No. 3','Jawa Tengah','Semarang',50110,'(+62)825-2869-3953'),('Surya893','JNAP2656292770','Fitra Perangin-angin','Gita Cahaya Cendana No. 52','Jawa Timur','Probolinggo',67211,'(+62)883-1828-2321'),('Joko216','JNAP3049989294','Yulia Widjaja','Perumahan Mas Bukit No. 47','Jawa Tengah','Semarang',50110,'(+62)896-4629-8467'),('Surya893','JNAP3475241424','Jono Naibaho','Sejahtera Kenanga Aroma No. 22','Sulawesi Tenggara','Baubau',93711,'(+62)825-1961-0064'),('Rahman308','JNAP3612419157','Yuli Aritonang','Sejahtera Krisna Sutera No. 15','Jawa Tengah','Semarang',50110,'(+62)877-8818-9058'),('Made397','JNAP5867143359','Zulfikar Ginting','Harapan Tirta Kenangan No. 85','Jambi','Kerinci',37111,'(+62)882-9217-0960'),('Hanafi291','JNAP5904835880','Fikri Br Tarigan','Gita Nusantara Kenanga No. 99','Kalimantan Tengah','Kotawaringin Timur',74111,'(+62)897-1227-8101'),('Shinta316','JNAP7944428380','Wira Sembiring','Lestari Kenangan Cahaya No. 1','Sumatera Selatan','Lubuklinggau',31611,'(+62)819-6776-2641'),('Beby940','JNAP8116094918','Eka Sianipar','Mawar Melati Pahlawan No. 77','Maluku Utara','Ternate',97711,'(+62)897-9384-9109'),('Nabila987','JNAP8358753323','Hana Lubis','Indah Tirta Sumber No. 32','Kepulauan Riau','Tanjungpinang',29111,'(+62)898-3676-0733'),('Imam383','JP1206607335','Cindy Halim','Perumahan Borneo Harapan No. 98','Lampung','Metro',34111,'(+62)857-1326-0301'),('Zainal814','JP1846033719','Nur Aritonang','Tepi Mas Melati No. 36','Sulawesi Tengah','Donggala',94311,'(+62)896-0831-0749'),('Hanafi291','JP3472779510','Yohana Sitompul','Lingkar Kencana Aroma No. 48','Riau','Dumai',28811,'(+62)843-0364-8724'),('Fikri947','JP4132127253','Zamzam Pardede','Mawar Indah Raya No. 92','Sulawesi Tengah','Poso',94611,'(+62)838-0282-7348'),('Udin821','JP4988358539','Ken Pasaribu','Manggis Cahaya Sutera No. 10','Kalimantan Timur','Kutai Kartanegara',75211,'(+62)867-1256-7357'),('Yuni209','JP5173001589','Zainal Nadeak','Pandan Gemilang Mutiara No. 98','Sumatera Barat','Bukittinggi',26111,'(+62)858-8920-2232'),('Fani805','JP6057785393','Ismail Sihombing','Mawar Cendana Bergas No. 23','Sumatera Selatan','Muara Enim',31311,'(+62)849-1190-0779'),('Kanaya441','JP6474155457','Fikri Manik','Eka Kenanga Mandala No. 10','Sulawesi Utara','Bitung',95511,'(+62)851-2065-5397'),('Beby464','JP7068832513','Jihan Damanik','Pahlawan Batu Gemilang No. 38','Jakarta','Jakarta Timur',13210,'(+62)840-7372-4423'),('Meylani651','JP7880017662','Wulan Prasetya','Boulevard Aroma Kenanga No. 47','Kalimantan Selatan','Martapura',70811,'(+62)842-8733-4045'),('Shinta316','JP8902111883','Putri Samosir','Bersama Bintang Kencana No. 86','Sumatera Barat','Payakumbuh',26211,'(+62)844-8134-9251'),('Zaky872','JTR10558771147','Chika Hutasoit','Bunga Karang Pahlawan No. 82','Kalimantan Utara','Tanjung Selor',77211,'(+62)845-3301-8957'),('Irfan874','JTR13097730245','Hasna Pakpahan','Kencana Kencana Kenanga No. 99','Kalimantan Barat','Singkawang',79111,'(+62)878-6037-9062'),('Joko78','JTR15622438143','Galih Napitu','Pahlawan Taman Kencana No. 91','Kalimantan Selatan','Martapura',70811,'(+62)830-3191-3716'),('Darmawan737','JTR18211187149','Firman Lubis','Melati Raya Cendana No. 57','Lampung','Metro',34111,'(+62)897-7659-4238'),('Surya893','JTR22775658418','Dewi Lestari','Cahaya Raya Pahlawan No. 72','Sulawesi Tenggara','Kolaka',93311,'(+62)842-9846-7935'),('Miko165','JTR40289401808','Usman Hidayat','Sutera Anggrek Karunia No. 48','Aceh','Banda Aceh',23111,'(+62)837-2210-0158'),('Meylani651','JTR42463194832','Ahmad Tarigan','Tepi Pandawa Raya No. 71','Bali','Gianyar',80511,'(+62)872-4783-8544'),('Alfian633','JTR50033471121','Arif Panjaitan','Kenanga Cahaya Pahlawan No. 73','Jawa Timur','Malang',65111,'(+62)821-9880-7509'),('Alfian559','JTR66102369861','Ovi Rahman','Cendana Raya Kenanga No. 34','Sulawesi Selatan','Makassar',90111,'(+62)861-4569-6574'),('Stefan350','JTR69052674527','Dian Panggabean','Raya Karang Sumber No. 28','Kalimantan Timur','Kutai Kartanegara',75211,'(+62)863-3257-1709'),('Genta118','JTR81543192494','Rio Marbun','Lingkar Pahlawan Pahlawan No. 93','Bengkulu','Seluma',39311,'(+62)837-9713-2267'),('Indra431','JTR86634734954','Utami Butarbutar','Mawar Anggrek Satria No. 66','Sumatera Selatan','Palembang',30111,'(+62)895-7945-4894'),('Stefan591','JTR89501684839','Cahya Hutabarat','Manggis Nusantara Gemilang No. 63','Sumatera Utara','Pematang Siantar',21111,'(+62)840-9974-1919'),('Janu312','JTR91512010878','Fajar Samosir','Bintang Mas Anggrek No. 62','Kepulauan Riau','Batam',29411,'(+62)849-9445-4880'),('Galih823','JTR94036905669','Yohana Napitu','Rukun Sriwijaya Batu No. 42','Sulawesi Tengah','Palu',94111,'(+62)818-7648-7214'),('Ken1000','JTR96453913922','Amalia Siringoringo','Komplek Cempaka Mawar No. 60','Maluku','Ambon',97111,'(+62)896-9326-6569'),('Stefan909','JTR98612551344','Agus Pakpahan','Tanah Kencana Gemilang No. 91','Kalimantan Utara','Nunukan',77411,'(+62)815-6322-9668'),('Meylani651','SCR20059628','Galuh Hutabarat','Pandan Melati Sriwijaya No. 86','Aceh','Sabang',23511,'(+62)833-7695-2263'),('Agus9','SCR22592937','Linda Fadilah','Mutiara Pahlawan Melati No. 24','Kalimantan Selatan','Banjarmasin',70111,'(+62)894-7372-3179'),('Farhan263','SCR24592679','Gusti Butarbutar','Lestari Taman Kenanga No. 2','Kalimantan Selatan','Banjarbaru',70711,'(+62)822-1655-5574'),('Veronica303','SCR48960777','Hendra Siallagan','Boulevard Melati Pahlawan No. 30','Kepulauan Riau','Lingga',29711,'(+62)814-4077-5116'),('Ita59','SCR52871253','Devi Yulianti','Cempaka Cempaka Anggrek No. 22','Maluku','Saumlaki',97811,'(+62)820-0832-7938'),('Miko538','SCR65258834','Prima Harahap','Gang Indah Merdeka No. 72','Riau','Dumai',28811,'(+62)841-3799-9972'),('Ovi705','SCR67617618','Irwan Pakpahan','Taman Tirta Borneo No. 53','Riau','Kampar',28411,'(+62)889-4702-3577'),('Dani308','SCR70739436','Gita Purba','Cahaya Mangga Batu No. 28','Sumatera Barat','Padang',25111,'(+62)892-9255-2663'),('Darmawan737','SCR74075764','Wulan Sagala','Krisna Harapan Kenanga No. 43','Sumatera Barat','Bukittinggi',26111,'(+62)828-6400-7132'),('Lia992','SCR75168779','Genta Puspita','Cahaya Sutera Karang No. 95','Lampung','Lampung Selatan',35211,'(+62)897-2074-9233'),('Desta48','SCR79825221','Nur Sihombing','Pahlawan Cahaya Sumber No. 1','Sumatera Utara','Medan',20211,'(+62)888-1324-3535'),('Nurul591','SCR82426905','Utami Sihombing','Satria Bunga Sriwijaya No. 88','Nusa Tenggara Timur','Ende',86311,'(+62)892-1608-5798'),('Imam195','SCR82858595','Lia Aritonang','Eka Sutera Borneo No. 12','Jambi','Kerinci',37111,'(+62)859-3619-3453'),('Gilang152','SCR86689655','Lia Panggabean','Tanah Kencana Raya No. 53','Banten','Cilegon',42411,'(+62)897-5320-8232'),('Hendra294','SCR88208660','Nurul Widjaja','Harapan Bergas Merdeka No. 71','Aceh','Langsa',24411,'(+62)837-7978-7919'),('Shinta316','SCR89462510','Janu Harahap','Gang Taman Sejahtera No. 7','Jawa Barat','Bogor',16111,'(+62)810-0061-6298'),('Krisna643','SCR92327554','Rahman Pratama','Jalan Bergas Nusantara No. 85','Kepulauan Riau','Lingga',29711,'(+62)893-5611-3976'),('Lestari629','SCR93238251','Lestari Sembiring','NusantaraMelati Pahlawan No. 66','Sulawesi Tengah','Morowali',94911,'(+62)812-2918-5455'),('Galih823','SCR97643688','Lia Prasetya','Mutiara Sriwijaya Bukit No. 61','Nusa Tenggara Timur','Kupang',85011,'(+62)860-9016-4860'),('Kiki611','TJE2764621225','Silvia Nainggolan','Gading Bukit Nusantara No. 58','Jawa Tengah','Salatiga',50711,'(+62)860-5906-0567'),('Taufik417','TJE2844681005','Hendra Harahap','Taman Mandala Aroma No. 2','Riau','Kampar',28411,'(+62)859-4998-6938'),('Yusuf845','TJE3110394450','Poppy Panjaitan','Mawar Pahlawan Gemilang No. 56','Kepulauan Riau','Tanjungpinang',29111,'(+62)870-6872-2251'),('Joko45','TJE3399707576','Agus Pakpahan','Bersama Batu Gemilang No. 45','Maluku','Saparua',97821,'(+62)811-6113-9944'),('Novianti855','TJE3733084084','Alfian Simanjuntak','Krisna Kencana Taman No. 18','DIY','Yogyakarta',55211,'(+62)844-7393-5795'),('Zaky872','TJE4100743701','Jimmy Sembiring','Gemilang Karang Mas No. 38','Sulawesi Tenggara','Baubau',93711,'(+62)897-9599-9351'),('Elang736','TJE4458930270','Sari Sianipar','Sumber Kenanga Indah No. 51','Papua','Merauke',99611,'(+62)810-5468-3055'),('Irwan994','TJE4859148668','Bella Pratama','NusantaraKarunia Raya No. 92','Banten','Pandeglang',42211,'(+62)868-3919-9344'),('Miko538','TJE5437243944','David Sagala','Krisna Batu Pahlawan No. 40','Kalimantan Barat','Bengkayang',79311,'(+62)896-3723-5977'),('Shinta316','TJE5541177658','Zaenal Hardjono','Tirta Sejahtera Anggrek No. 42','Bengkulu','Seluma',39311,'(+62)890-0388-9981'),('Gina64','TJE6000335222','Tri Putri','Harapan Harapan Karang No. 13','Nusa Tenggara Barat','Mataram',83111,'(+62)849-3924-8592'),('Udin821','TJE6106401053','Citra Priyono','Tanah Harapan Anggrek No. 24','Maluku Utara','Sula',97911,'(+62)854-8056-7252'),('Udin821','TJE6210861482','Oka Fauzi','Sejahtera Bunga Raya No. 45','Jawa Barat','Depok',16411,'(+62)893-0698-8881'),('Shinta316','TJE6401734237','Wira Sarumpaet','Boulevard Krisna Mas No. 63','Sumatera Selatan','Muara Enim',31311,'(+62)831-0826-6992'),('Hanafi291','TJE7045775578','Putra Sihombing','Krisna Mutiara Cahaya No. 75','Sumatera Utara','Binjai',20711,'(+62)883-2371-1224'),('Farhan263','TJE7520884366','Joko Nasution','Lestari Taman Gemilang No. 22','Sumatera Selatan','Muara Enim',31311,'(+62)878-6410-6150'),('Yusuf882','TJE7857947512','Ken Limbong','Boulevard Cendana Cendana No. 78','Jambi','Bungo',37311,'(+62)851-3374-2057'),('Farhan263','TJE8023014603','Cindy Siregar','Mawar Anggrek Karunia No. 80','Nusa Tenggara Barat','Lombok',83511,'(+62)883-2180-0286'),('Linda152','UTG22656583','Usman Br Tarigan','Tepi Bunga Anggrek No. 67','Sumatera Barat','Pariaman',25511,'(+62)819-0217-9929'),('Shinta880','UTG24497332','Bambang Limbong','Sejahtera Gemilang Bunga No. 18','Banten','Cilegon',42411,'(+62)886-6653-9972'),('Irfan874','UTG29975108','Jimmy Kurniawan','Perumahan Taman Harapan No. 33','Kalimantan Timur','Balikpapan',76111,'(+62)857-0315-1088'),('Bambang564','UTG34670276','Fikri Wibowo','Kenanga Mutiara Sutera No. 55','Aceh','Lhokseumawe',24311,'(+62)883-4561-7072'),('Johan27','UTG42944783','Ujang Harahap','Tepi Aroma Mas No. 93','Kalimantan Timur','Paser',77211,'(+62)884-4462-5678'),('Kiki611','UTG43085785','Joko Hutapea','Pandan Mutiara Cahaya No. 53','Nusa Tenggara Timur','Kupang',85011,'(+62)855-8632-8428'),('Melly374','UTG49269263','Wulan Sitorus','Bunga Merdeka Sutera No. 44','Nusa Tenggara Timur','Ruteng',86211,'(+62)847-1445-0917'),('Yusuf845','UTG57532301','Chandra Saragih','Cendana Raya Pahlawan No. 41','Sulawesi Utara','Tomohon',95711,'(+62)880-6341-8654'),('Hendra294','UTG70025131','Nur Nainggolan','Eka Kenanga Sriwijaya No. 39','Jawa Timur','Kediri',64111,'(+62)873-2942-5018'),('Imam383','UTG74522597','Nurul Anggraini','Cendana Kencana Krisna No. 14','Banten','Serang',42111,'(+62)819-7700-0811'),('Joko78','UTG75795862','Veri Sihombing','Kencana Pahlawan Raya No. 2','DIY','Bantul',55711,'(+62)853-5183-0740'),('Rama777','UTG80995458','Stefan Situmorang','Sumber Satria Sriwijaya No. 73','Kalimantan Timur','Balikpapan',76111,'(+62)884-4931-2892'),('Fani698','UTG83121315','Wawan Limbong','Pandan Harapan Gemilang No. 52','Sumatera Selatan','Muara Enim',31311,'(+62)830-3301-2085'),('Wawan950','UTG84515440','Zaky Sirait','Lestari Anggrek Mutiara No. 74','Jambi','Kerinci',37111,'(+62)843-4550-8668'),('Nanda306','UTG90351892','Fikri Lumban Gaol','Tanah Gemilang Taman No. 88','Kalimantan Timur','Paser',77211,'(+62)822-2174-1178'),('Nabila987','UTG91010967','Dewi Santoso','Lingkar Cempaka Cendana No. 20','Aceh','Lhokseumawe',24311,'(+62)853-8951-4609'),('Shinta316','UTG92973912','Fadilah Hutajulu','Cempaka Kencana Sumber No. 54','Jambi','Muaro Jambi',36311,'(+62)867-8415-2292'),('Yuda930','YES10830507333','Linda Nadeak','Krisna Bunga Cempaka No. 23','Nusa Tenggara Timur','Ruteng',86211,'(+62)888-4490-7613'),('Clara550','YES12227026910','Cahya Siallagan','Melati Melati Sumber No. 43','Lampung','Metro',34111,'(+62)859-4017-2062'),('Luki274','YES15504663774','Zulfikar Parulian','Tulung Kencana Pahlawan No. 26','Nusa Tenggara Barat','Lombok',83511,'(+62)857-3371-4386'),('Ujang884','YES16542916687','Jimmy Pakpahan','Sutera Taman Satria No. 13','Bali','Singaraja',81111,'(+62)891-3753-2684'),('Luki274','YES18809811372','Berlian Santoso','Raya Sutera Sumber No. 87','Riau','Pekanbaru',28111,'(+62)824-1015-0112'),('Ken1000','YES23308080770','Kartika Tobing','Kenanga Gemilang Pandawa No. 86','Maluku','Saumlaki',97811,'(+62)839-1226-2057'),('Vina651','YES24298357508','Bambang Saragih','Raya Cahaya Pahlawan No. 38','Lampung','Bandar Lampung',35111,'(+62)853-6048-9945'),('Octa812','YES33465902730','Eka Sirait','Pahlawan Kenangan Batu No. 25','Banten','Serang',42111,'(+62)821-1525-8165'),('Joko556','YES40254068521','Silvia Sibarani','Bunga Raya Sriwijaya No. 76','Jawa Tengah','Surakarta',57110,'(+62)871-4485-6693'),('Fani698','YES41697897025','Zamzam Malau','Gita Sutera Gemilang No. 48','Nusa Tenggara Barat','Lombok',83511,'(+62)879-0631-2146'),('Ujang856','YES42988284074','Firman Sihombing','Cahaya Raya Kenanga No. 86','Kepulauan Riau','Bintan',29121,'(+62)866-6828-6801'),('Zainal889','YES45617780650','Umar Pardede','Tirta Kencana Mas No. 100','Sulawesi Tengah','Poso',94611,'(+62)869-2691-7137'),('Linda529','YES53987855167','Maria Siregar','Harapan Kenanga Harapan No. 3','Jambi','Kerinci',37111,'(+62)823-3775-6375'),('Alfian633','YES70119583424','Johan Sitompul','NusantaraMutiara Kenanga No. 5','Kalimantan Utara','Nunukan',77411,'(+62)882-9292-8589'),('Alfian559','YES79314986644','Sari Perangin-angin','Cempaka Pahlawan Sumber No. 25','Papua Barat','Manokwari',98311,'(+62)893-9125-6538'),('Linda152','YES85349286600','Putri Nainggolan','Gita Tirta Harapan No. 57','Kalimantan Utara','Tanjung Selor',77211,'(+62)852-2192-6304'),('Wahyu375','YES89502925271','Nanda Pasaribu','Taman Cendana Pandawa No. 85','Kalimantan Tengah','Palangka Raya',73111,'(+62)859-2913-8373'),('Ujang856','YES92665201691','Evi Hutapea','Cahaya Bukit Cempaka No. 37','Sumatera Utara','Pematang Siantar',21111,'(+62)822-9358-0608'),('Nur793','YES96098975926','Sonny Nababan','Jalan Sumber Pahlawan No. 38','Maluku Utara','Ternate',97711,'(+62)816-3725-7745'),('Hendra294','YES98219137397','Stefan Hutabarat','Melati Pahlawan Sumber No. 40','Sumatera Selatan','Lubuklinggau',31611,'(+62)880-2428-8869'),('Nurul591','YES99397014930','Wahyu Panggabean','Sejahtera Kenangan Indah No. 7','Jawa Tengah','Magelang',56110,'(+62)860-6784-1219');
/*!40000 ALTER TABLE `shipping_address` ENABLE KEYS */;
UNLOCK TABLES;

--
-- Table structure for table `shipping_code`
--

DROP TABLE IF EXISTS `shipping_code`;
/*!40101 SET @saved_cs_client     = @@character_set_client */;
/*!50503 SET character_set_client = utf8mb4 */;
CREATE TABLE `shipping_code` (
  `shipping_number` varchar(30) NOT NULL,
  `order_id` varchar(12) DEFAULT NULL,
  `shipping_type` varchar(30) DEFAULT NULL,
  PRIMARY KEY (`shipping_number`),
  KEY `order_id` (`order_id`),
  KEY `shipping_type` (`shipping_type`),
  CONSTRAINT `shipping_code_ibfk_1` FOREIGN KEY (`order_id`) REFERENCES `orders` (`order_id`),
  CONSTRAINT `shipping_code_ibfk_2` FOREIGN KEY (`shipping_type`) REFERENCES `courrier` (`shipping_type`)
) ENGINE=InnoDB DEFAULT CHARSET=utf8mb4 COLLATE=utf8mb4_0900_ai_ci;
/*!40101 SET character_set_client = @saved_cs_client */;

--
-- Dumping data for table `shipping_code`
--

LOCK TABLES `shipping_code` WRITE;
/*!40000 ALTER TABLE `shipping_code` DISABLE KEYS */;
INSERT INTO `shipping_code` VALUES ('AJN1041850','62481-IF-662','Anteraja - Next-Day'),('AJN1622351','03303-NS-128','Anteraja - Next-Day'),('AJN2366839','93777-NQ-654','Anteraja - Next-Day'),('AJN2400326','45450-FH-879','Anteraja - Next-Day'),('AJN2582329','71786-WX-363','Anteraja - Next-Day'),('AJN2724523','48132-JA-582','Anteraja - Next-Day'),('AJN3234414','51574-MI-519','Anteraja - Next-Day'),('AJN3274883','27430-XK-397','Anteraja - Next-Day'),('AJN4175538','15788-FW-266','Anteraja - Next-Day'),('AJN4232905','42041-EV-591','Anteraja - Next-Day'),('AJN4320709','16210-YP-787','Anteraja - Next-Day'),('AJN4389656','04846-DH-252','Anteraja - Next-Day'),('AJN4786384','63109-ZH-875','Anteraja - Next-Day'),('AJN5933565','17589-TK-224','Anteraja - Next-Day'),('AJN6089286','85675-JL-348','Anteraja - Next-Day'),('AJN6232453','46496-HC-314','Anteraja - Next-Day'),('AJN7035603','36366-QK-134','Anteraja - Next-Day'),('AJN7445969','40405-TH-510','Anteraja - Next-Day'),('AJN8001788','46450-NJ-375','Anteraja - Next-Day'),('AJN9251660','32850-VL-690','Anteraja - Next-Day'),('AJR2021548','33936-QZ-843','Anteraja -REG'),('AJR3588803','05432-MX-007','Anteraja -REG'),('AJR3998812','89526-CX-270','Anteraja -REG'),('AJR5410705','83759-AE-606','Anteraja -REG'),('AJR6357484','74962-HM-161','Anteraja -REG'),('AJR6383437','07721-IP-960','Anteraja -REG'),('AJR6568204','68016-SK-162','Anteraja -REG'),('AJR6998952','82618-MT-688','Anteraja -REG'),('AJR7519079','95940-ZH-189','Anteraja -REG'),('AJR8191690','72171-ID-663','Anteraja -REG'),('AJR8234263','16383-CM-038','Anteraja -REG'),('AJR8616978','07679-HW-763','Anteraja -REG'),('AJR9053811','19876-TA-860','Anteraja -REG'),('AJR9442665','83780-VV-849','Anteraja -REG'),('AJR9873769','26377-WX-296','Anteraja -REG'),('AJR9917680','32936-YC-795','Anteraja -REG'),('AJR9941598','70068-TX-340','Anteraja -REG'),('AJS1151326915477','46520-YQ-014','Anteraja Same Day'),('AJS1588258846526','87530-EI-653','Anteraja Same Day'),('AJS1778820287505','85032-MR-955','Anteraja Same Day'),('AJS3512499984286','85025-DH-502','Anteraja Same Day'),('AJS4262021302504','88282-OX-001','Anteraja Same Day'),('AJS5654990459728','21055-UU-499','Anteraja Same Day'),('AJS6424640188233','83966-LP-094','Anteraja Same Day'),('AJS6726868918556','54659-DA-259','Anteraja Same Day'),('AJS7660271095021','04914-RL-481','Anteraja Same Day'),('AJS8178771010788','27168-OH-634','Anteraja Same Day'),('AJS8216484272467','41103-UU-682','Anteraja Same Day'),('AJS8749810493975','10011-RC-613','Anteraja Same Day'),('AJS8959565761571','38589-LF-083','Anteraja Same Day'),('AJS9262465783091','68724-YK-242','Anteraja Same Day'),('BEST13268930','37572-ZG-605','SiCepat BEST'),('BEST19917180','06758-XK-081','SiCepat BEST'),('BEST26573296','56831-IV-154','SiCepat BEST'),('BEST27537846','53356-XY-514','SiCepat BEST'),('BEST46179980','53576-YJ-825','SiCepat BEST'),('BEST50342847','89929-DO-767','SiCepat BEST'),('BEST53150993','93061-SA-738','SiCepat BEST'),('BEST66449622','37676-NH-000','SiCepat BEST'),('BEST72247689','56492-KO-133','SiCepat BEST'),('BEST82349465','55369-OX-704','SiCepat BEST'),('BEST89306027','80964-SQ-184','SiCepat BEST'),('BEST92370046','07434-XR-495','SiCepat BEST'),('BEST97640933','00928-AJ-960','SiCepat BEST'),('HLU10871733','64949-FM-281','SiCepat HALU'),('HLU11709179','59042-DK-424','SiCepat HALU'),('HLU28555605','87685-XH-786','SiCepat HALU'),('HLU43826485','11130-II-445','SiCepat HALU'),('HLU44372697','03250-RK-436','SiCepat HALU'),('HLU56308451','95739-JP-236','SiCepat HALU'),('HLU71685654','40270-CL-132','SiCepat HALU'),('HLU74429270','64368-WO-562','SiCepat HALU'),('HLU80867819','36317-PP-281','SiCepat HALU'),('HLU87012464','17951-KD-934','SiCepat HALU'),('HLU96412490','69774-IO-286','SiCepat HALU'),('JD1769974254','79188-TK-888','J&T EZ'),('JD3237134696','90502-CO-922','J&T EZ'),('JD3910098206','55435-HY-743','J&T EZ'),('JD5337273566','23469-GP-424','J&T EZ'),('JD5350556077','49773-FT-282','J&T EZ'),('JD5483206844','14685-IV-110','J&T EZ'),('JD5850071160','88512-EP-116','J&T EZ'),('JD6080723906','10528-MS-477','J&T EZ'),('JD6811704655','49347-ZK-387','J&T EZ'),('JD7177674510','00082-QI-576','J&T EZ'),('JD9355067816','47706-LM-879','J&T EZ'),('JNAP1178208119','39054-PD-638','JNE OKE'),('JNAP1439099008','97273-UP-330','JNE OKE'),('JNAP2656292770','38912-LY-041','JNE OKE'),('JNAP3049989294','10510-YJ-805','JNE OKE'),('JNAP3475241424','13487-NN-030','JNE OKE'),('JNAP3612419157','59787-XP-317','JNE OKE'),('JNAP5867143359','09885-QY-545','JNE OKE'),('JNAP5904835880','43483-HE-329','JNE OKE'),('JNAP7944428380','17502-VT-594','JNE OKE'),('JNAP8116094918','67049-NZ-153','JNE OKE'),('JNAP8358753323','74170-NF-175','JNE OKE'),('JP1206607335','92348-HH-457','J&T ECO'),('JP1846033719','66353-ND-669','J&T ECO'),('JP3472779510','39932-JR-989','J&T ECO'),('JP4132127253','29217-QE-645','J&T ECO'),('JP4988358539','70510-BJ-702','J&T ECO'),('JP5173001589','53048-KE-869','J&T ECO'),('JP6057785393','54784-KZ-103','J&T ECO'),('JP6474155457','76935-ZG-860','J&T ECO'),('JP7068832513','22185-ME-248','J&T ECO'),('JP7880017662','28180-UD-044','J&T ECO'),('JP8902111883','40725-KI-738','J&T ECO'),('JTR10558771147','77018-AP-139','JNE JTR'),('JTR13097730245','03817-OB-997','JNE JTR'),('JTR15622438143','77202-SR-287','JNE JTR'),('JTR18211187149','75440-QG-674','JNE JTR'),('JTR22775658418','53575-LO-836','JNE JTR'),('JTR40289401808','90344-GL-094','JNE JTR'),('JTR42463194832','96850-FV-708','JNE JTR'),('JTR50033471121','39258-FN-366','JNE JTR'),('JTR66102369861','45553-NP-544','JNE JTR'),('JTR69052674527','20390-QZ-547','JNE JTR'),('JTR81543192494','34101-KJ-503','JNE JTR'),('JTR86634734954','42100-JV-287','JNE JTR'),('JTR89501684839','55095-FZ-119','JNE JTR'),('JTR91512010878','86374-EV-429','JNE JTR'),('JTR94036905669','98925-JA-372','JNE JTR'),('JTR96453913922','89662-TI-802','JNE JTR'),('JTR98612551344','57649-JN-109','JNE JTR'),('SCR20059628','56902-BV-547','SiCepat REG'),('SCR22592937','59339-AB-067','SiCepat REG'),('SCR24592679','71897-YP-131','SiCepat REG'),('SCR48960777','12245-BV-067','SiCepat REG'),('SCR52871253','18539-QU-788','SiCepat REG'),('SCR65258834','25827-HW-920','SiCepat REG'),('SCR67617618','21834-DF-112','SiCepat REG'),('SCR70739436','67275-WF-346','SiCepat REG'),('SCR74075764','52740-ZI-613','SiCepat REG'),('SCR75168779','59894-QB-117','SiCepat REG'),('SCR79825221','42523-XQ-325','SiCepat REG'),('SCR82426905','43723-BP-432','SiCepat REG'),('SCR82858595','47506-WX-954','SiCepat REG'),('SCR86689655','98463-ZE-011','SiCepat REG'),('SCR88208660','35426-OI-109','SiCepat REG'),('SCR89462510','25716-VT-986','SiCepat REG'),('SCR92327554','38781-HT-687','SiCepat REG'),('SCR93238251','34406-BD-305','SiCepat REG'),('SCR97643688','19159-HM-237','SiCepat REG'),('TJE2764621225','01259-JN-495','JNE REG'),('TJE2844681005','53970-XI-533','JNE REG'),('TJE3110394450','79466-EB-287','JNE REG'),('TJE3399707576','11709-YB-028','JNE REG'),('TJE3733084084','14720-JI-866','JNE REG'),('TJE4100743701','42328-JX-852','JNE REG'),('TJE4458930270','19259-JS-225','JNE REG'),('TJE4859148668','54208-YH-326','JNE REG'),('TJE5437243944','34666-QX-107','JNE REG'),('TJE5541177658','44185-UO-552','JNE REG'),('TJE6000335222','34261-GL-367','JNE REG'),('TJE6106401053','85591-SV-868','JNE REG'),('TJE6210861482','04383-RA-679','JNE REG'),('TJE6401734237','16457-AR-053','JNE REG'),('TJE7045775578','51060-HF-306','JNE REG'),('TJE7520884366','93518-EQ-072','JNE REG'),('TJE7857947512','50074-YO-090','JNE REG'),('TJE8023014603','44828-JW-554','JNE REG'),('UTG22656583','97400-TS-542','SiCepat SIUNTUNG'),('UTG24497332','54310-WK-572','SiCepat SIUNTUNG'),('UTG29975108','41178-BK-552','SiCepat SIUNTUNG'),('UTG34670276','82478-AG-580','SiCepat SIUNTUNG'),('UTG42944783','00097-GY-799','SiCepat SIUNTUNG'),('UTG43085785','53479-DM-574','SiCepat SIUNTUNG'),('UTG49269263','74705-FL-392','SiCepat SIUNTUNG'),('UTG57532301','49148-SJ-352','SiCepat SIUNTUNG'),('UTG70025131','62410-NC-210','SiCepat SIUNTUNG'),('UTG74522597','73314-FB-299','SiCepat SIUNTUNG'),('UTG75795862','81451-RG-464','SiCepat SIUNTUNG'),('UTG80995458','90819-QS-757','SiCepat SIUNTUNG'),('UTG83121315','51816-BS-534','SiCepat SIUNTUNG'),('UTG84515440','83981-VQ-831','SiCepat SIUNTUNG'),('UTG90351892','49464-TH-697','SiCepat SIUNTUNG'),('UTG91010967','55067-WT-091','SiCepat SIUNTUNG'),('UTG92973912','31747-VV-136','SiCepat SIUNTUNG'),('YES10830507333','73135-SX-179','JNE YES'),('YES12227026910','10140-KI-391','JNE YES'),('YES15504663774','14494-YQ-419','JNE YES'),('YES16542916687','21923-CK-356','JNE YES'),('YES18809811372','28753-AP-010','JNE YES'),('YES23308080770','26164-EX-770','JNE YES'),('YES24298357508','94115-BL-286','JNE YES'),('YES33465902730','74955-HN-495','JNE YES'),('YES40254068521','28412-ME-553','JNE YES'),('YES41697897025','20312-ZL-735','JNE YES'),('YES42988284074','57621-YC-985','JNE YES'),('YES45617780650','14181-NT-983','JNE YES'),('YES53987855167','47314-RM-933','JNE YES'),('YES70119583424','47899-XT-248','JNE YES'),('YES79314986644','47912-RB-196','JNE YES'),('YES85349286600','48936-RK-046','JNE YES'),('YES89502925271','49612-UI-159','JNE YES'),('YES92665201691','95822-WY-077','JNE YES'),('YES96098975926','22415-RR-031','JNE YES'),('YES98219137397','46654-WN-912','JNE YES'),('YES99397014930','23597-VJ-539','JNE YES');
/*!40000 ALTER TABLE `shipping_code` ENABLE KEYS */;
UNLOCK TABLES;

--
-- Table structure for table `store_desc`
--

DROP TABLE IF EXISTS `store_desc`;
/*!40101 SET @saved_cs_client     = @@character_set_client */;
/*!50503 SET character_set_client = utf8mb4 */;
CREATE TABLE `store_desc` (
  `store_name` varchar(20) NOT NULL,
  `store_description` varchar(200) DEFAULT NULL,
  `join_date` varchar(10) DEFAULT NULL,
  PRIMARY KEY (`store_name`),
  CONSTRAINT `store_desc_ibfk_1` FOREIGN KEY (`store_name`) REFERENCES `user_store` (`store_name`)
) ENGINE=InnoDB DEFAULT CHARSET=utf8mb4 COLLATE=utf8mb4_0900_ai_ci;
/*!40101 SET character_set_client = @saved_cs_client */;

--
-- Dumping data for table `store_desc`
--

LOCK TABLES `store_desc` WRITE;
/*!40000 ALTER TABLE `store_desc` DISABLE KEYS */;
INSERT INTO `store_desc` VALUES ('Aksesoris Cantik','Aksesoris Cantik: Toko yang menyediakan berbagai aksesoris unik dan cantik untuk melengkapi penampilan Anda.','01/07/2017'),('Aktivitas Kita','Aktivitas Kita: Toko perlengkapan aktivitas harian yang memudahkan dan menyenangkan.','05/25/2022'),('Aktivitas Pro','Aktivitas Pro: Menyediakan alat-alat premium untuk mendukung berbagai aktivitas profesional Anda.','03/08/2019'),('Alat Dapur','Alat Dapur: Toko khusus perlengkapan dapur berkualitas untuk kebutuhan memasak Anda.','12/03/2021'),('Alat Hebat','Alat Hebat: Pusat penjualan berbagai alat inovatif untuk rumah tangga dan lainnya.','06/05/2021'),('Alat Kantor','Alat Kantor: Solusi lengkap untuk perlengkapan kantor modern dan efisien.','03/12/2021'),('Amanah Mart','Amanah Mart: Toko dengan pilihan produk terpercaya untuk kebutuhan keluarga Anda.','11/14/2019'),('Anak Bahagia','Anak Bahagia: Pusat perlengkapan anak untuk mendukung tumbuh kembang yang bahagia.','03/20/2020'),('Art & Craft','Art & Craft: Menyediakan bahan dan perlengkapan untuk berbagai kerajinan tangan kreatif.','07/06/2018'),('Atlet Aktif','Atlet Aktif: Toko olahraga dengan perlengkapan lengkap untuk mendukung gaya hidup aktif.','12/29/2023'),('Bahagia Jaya','Bahagia Jaya: Toko dengan berbagai produk untuk menciptakan kebahagiaan dalam keluarga.','05/23/2024'),('Bahagia Store','Bahagia Store: Menyediakan barang-barang untuk mempermudah hidup dan membawa kebahagiaan.','02/28/2021'),('Batik Nusantara','Batik Nusantara: Pusat batik asli Indonesia dengan berbagai motif dan desain tradisional.','07/03/2016'),('Beaute Essentials','Beaute Essentials: Toko perlengkapan kecantikan dan perawatan diri berkualitas.','02/22/2016'),('Belanja Cepat','Belanja Cepat: Toko yang menyediakan berbagai produk dengan pelayanan cepat dan efisien.','08/15/2020'),('Belanja Ceria','Belanja Ceria: Pusat belanja dengan suasana ceria dan koleksi produk menarik.','03/19/2015'),('Bersama Kita','Bersama Kita: Toko yang menjual barang-barang untuk kebersamaan dan aktivitas keluarga.','04/04/2023'),('Bintang Dunia','Bintang Dunia: Menyediakan produk-produk yang terkenal dan berkualitas dari seluruh dunia.','05/30/2023'),('Bright Fashion','Bright Fashion: Toko fashion dengan koleksi pakaian modis dan tren terbaru.','08/26/2016'),('Bugar Selalu','Bugar Selalu: Toko perlengkapan kesehatan dan kebugaran untuk mendukung gaya hidup sehat.','04/06/2023'),('Buku Unik','Buku Unik: Pusat buku-buku langka dan unik untuk penggemar koleksi.','02/19/2022'),('Cahaya Abadi','Cahaya Abadi: Toko yang menyediakan peralatan pencahayaan dan dekorasi rumah.','01/15/2018'),('Cahaya Dunia','Cahaya Dunia: Penjual lampu dan perlengkapan pencahayaan untuk berbagai kebutuhan.','09/19/2017'),('Cahaya Gemilang','Cahaya Gemilang: Toko yang menawarkan produk-produk pencahayaan berkualitas tinggi.','01/07/2024'),('Cahaya Pagi','Cahaya Pagi: Menyediakan berbagai macam lampu dan peralatan pencahayaan untuk rumah dan kantor.','06/04/2022'),('Cantik Berseri','Cantik Berseri: Toko perlengkapan kecantikan dan produk perawatan diri.','09/11/2023'),('Ceria Berbelanja','Ceria Berbelanja: Tempat belanja dengan suasana ceria dan berbagai pilihan produk.','10/09/2018'),('Citarasa Nusantara','Citarasa Nusantara: Toko yang menyediakan berbagai produk kuliner khas Nusantara.','06/03/2018'),('Citra Perhiasan','Citra Perhiasan: Pusat perhiasan berkualitas dengan desain elegan.','06/15/2022'),('Creative Mart','Creative Mart: Toko perlengkapan dan bahan untuk para kreatif dalam berkarya.','04/01/2016'),('Dapur Kita','Dapur Kita: Toko yang menyediakan semua perlengkapan untuk dapur rumah tangga.','07/06/2024'),('Dekorasi Cantik','Dekorasi Cantik: Menyediakan berbagai pilihan dekorasi rumah dan interior.','07/23/2015'),('Dunia Belanja','Dunia Belanja: Pusat perbelanjaan yang menyediakan berbagai kebutuhan rumah tangga dan pribadi.','03/04/2020'),('Dunia Mainan','Dunia Mainan: Toko mainan untuk anak-anak dengan berbagai pilihan yang menyenangkan.','04/27/2024'),('Dunia Teknologi','Dunia Teknologi: Toko elektronik dan gadget terbaru untuk teknologi mutakhir.','05/24/2015'),('Elektronik Besar','Elektronik Besar: Pusat elektronik dengan pilihan produk berkualitas tinggi.','12/24/2019'),('Elektronik Modern','Elektronik Modern: Toko yang menyediakan barang-barang elektronik terbaru dan paling modern.','03/01/2023'),('Elektronika','Elektronika: Toko barang elektronik dan peralatan rumah tangga.','03/14/2020'),('Emas Elegan','Emas Elegan: Toko perhiasan emas dengan desain yang elegan dan berkelas.','01/12/2024'),('Family Mart','Family Mart: Toko kebutuhan keluarga dengan berbagai pilihan produk yang terjangkau.','07/27/2018'),('Fashion Forward','Fashion Forward: Toko fashion dengan koleksi pakaian yang up-to-date dan modis.','04/24/2015'),('Film Favorit','Film Favorit: Tempat membeli film dan media hiburan favorit untuk semua umur.','08/03/2018'),('Fitness Pro','Fitness Pro: Toko perlengkapan olahraga dan kebugaran profesional.','01/22/2017'),('Fresh Mart','Fresh Mart: Pasar segar dengan berbagai bahan makanan dan produk berkualitas.','09/10/2015'),('Gadget Central','Gadget Central: Pusat penjualan gadget dan teknologi terbaru.','01/20/2016'),('Gadget Masa Kini','Toko elektronik yang menyediakan gadget dan aksesoris teknologi terkini untuk kebutuhan sehari-hari.','03/31/2013'),('Gadget Pro','Gadget Pro: Toko gadget dengan berbagai pilihan produk dan aksesori.','09/07/2021'),('Gadget Tren','Gadget Tren: Toko gadget yang selalu menawarkan teknologi terbaru dan terpopuler.','10/06/2017'),('Gaming Zone','Gaming Zone: Pusat perlengkapan gaming dengan semua yang dibutuhkan para gamer.','03/16/2015'),('Gaya Busana','Gaya Busana: Toko fashion dengan koleksi pakaian stylish dan trendi.','11/03/2020'),('Gaya Hunian','Gaya Hunian: Toko perlengkapan dan dekorasi untuk rumah dengan gaya terkini.','03/04/2021'),('Gaya Luar','Gaya Luar: Toko perlengkapan outdoor dan fashion untuk petualangan luar ruangan.','04/26/2019'),('Gaya Terang','Gaya Terang: Toko yang menyediakan produk-produk pencahayaan dan peralatan berkualitas.','08/17/2016'),('Gemilang Makmur','Gemilang Makmur: Toko yang menyediakan barang-barang berkualitas dengan harga terjangkau.','09/21/2015'),('Golden Jewelry','Golden Jewelry: Pusat perhiasan emas dengan desain yang mewah dan elegan.','09/26/2016'),('Golden Touch','Golden Touch: Toko perhiasan dengan sentuhan emas dan desain eksklusif.','02/07/2021'),('Gudang Buku','Gudang Buku: Toko buku dengan koleksi lengkap dan harga bersaing.','09/28/2024'),('Happy Kids','Happy Kids: Toko perlengkapan dan mainan untuk kebahagiaan anak-anak.','12/05/2022'),('Harapan Idaman','Harapan Idaman: Toko yang menyediakan barang-barang impian untuk rumah dan keluarga.','01/19/2016'),('Hasil Kreasi','Hasil Kreasi: Pusat perlengkapan untuk berbagai macam kerajinan tangan.','04/15/2015'),('Healthy Life','Healthy Life: Toko perlengkapan kesehatan dan produk organik untuk hidup sehat.','09/16/2022'),('Hiasan Cantik','Hiasan Cantik: Toko dekorasi rumah dengan pilihan hiasan cantik dan menarik.','07/01/2015'),('Hidup Sehat','Hidup Sehat: Toko produk kesehatan dan makanan organik untuk gaya hidup sehat.','07/18/2019'),('Hijabku','Hijabku: Toko fashion muslim dengan berbagai pilihan hijab dan busana muslimah.','11/09/2016'),('Hijau Lestari','Hijau Lestari: Toko perlengkapan ramah lingkungan dan produk hijau untuk kehidupan sehari-hari.','06/23/2018'),('Hobi Kita','Hobi Kita: Toko perlengkapan untuk berbagai macam hobi dan minat.','07/06/2016'),('Home Solutions','Home Solutions: Toko produk rumah tangga untuk kenyamanan dan kepraktisan rumah Anda.','12/03/2016'),('Inovasi Mart','Inovasi Mart: Toko dengan berbagai produk inovatif dan solusi modern.','03/28/2020'),('Inspirasi Baru','Inspirasi Baru: Toko perlengkapan dan produk-produk inspiratif untuk ide-ide kreatif.','08/31/2020'),('Inspirasi Hunian','Beragam dekorasi rumah modern dan minimalis yang menjadikan rumah Anda lebih indah dan nyaman.','10/19/2011'),('Interior Plus','Interior Plus: Toko perlengkapan dan dekorasi interior rumah untuk kenyamanan maksimal.','12/01/2015'),('Kacamata Tren','Kacamata Tren: Toko berbagai macam kacamata dan aksesori berkualitas.','10/06/2019'),('Kain Nusantara','Kain Nusantara: Pusat kain dengan berbagai motif dan desain khas Indonesia.','02/02/2022'),('Kantor Cerdas','Kantor Cerdas: Toko perlengkapan kantor yang lengkap dan modern.','08/21/2019'),('Karya Seni','Karya Seni: Toko perlengkapan seni dan bahan-bahan berkualitas untuk para seniman.','01/26/2023'),('Kecantikan Kita','Kecantikan Kita: Toko produk kecantikan dengan berbagai pilihan dan kualitas terbaik.','11/26/2018'),('Keluarga Harmonis','Keluarga Harmonis: Toko kebutuhan keluarga dengan produk berkualitas.','03/13/2016'),('Kerajaan Mainan','Kerajaan Mainan: Toko mainan dengan pilihan yang banyak untuk anak-anak.','07/25/2019'),('Kerudungku','Kerudungku: Toko berbagai jenis kerudung dan aksesori muslimah.','05/15/2015'),('Kilau Perhiasan','Kilau Perhiasan: Toko perhiasan dengan desain yang berkilau dan memukau.','10/02/2020'),('Koleksi Buku','Koleksi Buku: Toko buku dengan koleksi lengkap untuk berbagai minat dan kebutuhan.','01/31/2024'),('Komputer Center','Komputer Center: Toko pusat komputer dan perlengkapannya.','06/12/2024'),('Kreasi Cantik','Kreasi Cantik: Toko perlengkapan untuk membuat kreasi dan kerajinan tangan.','05/15/2015'),('Kreasi Dapurku','Menawarkan peralatan dapur inovatif dan unik untuk memudahkan Anda dalam menciptakan masakan lezat.','03/16/2021'),('Kreasi Indah','Kreasi Indah: Toko bahan dan alat untuk mendukung kreasi dan kerajinan tangan.','12/23/2022'),('Kreasi Seni','Kreasi Seni: Toko bahan dan perlengkapan seni untuk para seniman dan pengrajin.','05/15/2020'),('Kuliner Kita','Kuliner Kita: Toko berbagai bahan makanan dan peralatan dapur untuk kebutuhan kuliner.','07/08/2017'),('Kuliner Sahabat','Kuliner Sahabat: Toko bahan dan peralatan untuk memudahkan pengalaman memasak.','10/26/2018'),('Langkah Gaya','Langkah Gaya: Toko produk fashion dengan pilihan model dan warna yang stylish.','06/19/2020'),('Lestari Indah','Lestari Indah: Toko perlengkapan rumah dan dekorasi dengan gaya yang indah dan lestari.','02/28/2021'),('Mainan Seru','Mainan Seru: Toko mainan seru dan edukatif untuk anak-anak.','12/27/2017'),('Makan Enak','Makan Enak: Toko perlengkapan dan produk makanan yang enak dan berkualitas.','05/26/2023'),('Makanan Favorit','Makanan Favorit: Toko berbagai makanan favorit dengan cita rasa unik.','06/17/2016'),('Makanan Kita','Makanan Kita: Toko bahan makanan dan produk kuliner khas.','03/22/2019'),('Makmur Sejahtera','Makmur Sejahtera: Toko perlengkapan rumah dan produk berkualitas tinggi.','12/20/2023'),('Mebel Impian','Mebel Impian: Toko perabot rumah dengan desain dan kualitas terbaik.','09/29/2024'),('Mega Elektronik','Mega Elektronik: Toko elektronik dengan pilihan produk lengkap dan harga terjangkau.','05/25/2020'),('Mega Supermarket','Mega Supermarket: Supermarket besar dengan berbagai produk kebutuhan sehari-hari.','01/06/2021'),('Menu Favorit','Menu Favorit: Toko berbagai pilihan makanan dan minuman favorit.','08/18/2024'),('Mitra Kuliner','Mitra Kuliner: Toko kebutuhan kuliner dan produk makanan berkualitas.','07/24/2021'),('Mitra Sejahtera','Mitra Sejahtera: Toko yang menyediakan perlengkapan rumah tangga dan kebutuhan sehari-hari.','04/23/2016'),('Modern Home','Modern Home: Toko peralatan rumah dengan desain modern dan minimalis.','06/06/2022'),('Murah Maksimal','Murah Maksimal: Toko dengan berbagai pilihan barang berkualitas dengan harga terjangkau.','05/26/2020'),('Optik Vision','Optik Vision: Toko kacamata dan perlengkapan optik berkualitas.','11/21/2016'),('Optima Optik','Optima Optik: Pusat perlengkapan optik dan aksesori dengan kualitas terbaik.','11/26/2020'),('Outdoor Life','Outdoor Life: Toko perlengkapan untuk kegiatan luar ruangan dan petualangan.','10/26/2021'),('Outlet Fashion','Outlet Fashion: Toko fashion dengan diskon dan penawaran menarik.','03/15/2019'),('Outlet Gaya','Outlet Gaya: Toko perlengkapan dan aksesori fashion untuk gaya hidup terkini.','09/29/2017'),('Pakaian Cerdas','Pakaian Cerdas: Toko pakaian dengan pilihan yang modis dan fungsional.','04/08/2017'),('Pandangan Optik','Pandangan Optik: Toko kacamata dan perlengkapan optik untuk kesehatan mata.','01/21/2022'),('Pasar Besar','Pasar Besar: Supermarket dengan berbagai pilihan produk dari berbagai kategori.','01/03/2018'),('Pasar Swalayan','Pasar Swalayan: Pasar swalayan dengan produk segar dan kebutuhan sehari-hari.','11/14/2018'),('Pasar Tradisi','Pasar Tradisi: Pasar yang menyediakan barang-barang khas dan tradisional.','03/24/2016'),('Pelangi Mode','Menyediakan koleksi busana kasual hingga formal yang selalu mengikuti tren terbaru dengan harga terjangkau.','12/06/2019'),('Penggila Olahraga','Penggila Olahraga: Toko perlengkapan olahraga untuk para penggemar olahraga.','07/18/2017'),('Penglihatan Optimal','Penglihatan Optimal: Toko perlengkapan optik untuk menjaga kesehatan mata.','07/04/2024'),('Perabot Impian','Perabot Impian: Toko perabot rumah dengan desain dan kualitas terbaik.','11/26/2022'),('Peralatan Kantor','Peralatan Kantor: Toko perlengkapan kantor dengan berbagai pilihan produk berkualitas.','10/18/2023'),('Peralatan Modern','Peralatan Modern: Toko peralatan rumah dan kantor yang modern dan efisien.','01/20/2017'),('Peralatan Perjalanan','Peralatan Perjalanan: menyediakan perlengkapan dan aksesoris perjalanan untuk kepraktisan saat bepergian','04/08/2017'),('Perkakas Hebat','Perkakas Hebat: Toko alat dan perlengkapan rumah tangga yang berkualitas.','02/08/2015'),('Perlengkapan Dapur','Perlengkapan Dapur: Toko perlengkapan dapur dengan pilihan produk lengkap.','03/24/2017'),('Perlengkapan Hewan','Perlengkapan Hewan: Toko produk dan perlengkapan untuk hewan peliharaan.','05/15/2019'),('Perpustakaan Ilmu','Perpustakaan Ilmu: Toko buku dan referensi untuk berbagai keperluan belajar.','11/20/2018'),('Pesona Berseri','Pesona Berseri: Toko perlengkapan rumah dengan dekorasi yang mempesona.','06/11/2017'),('Pesona Kita','Pesona Kita: Toko produk berkualitas untuk kebutuhan sehari-hari.','11/17/2022'),('Pesona Perhiasan','Pesona Perhiasan: Toko perhiasan dengan desain yang mempesona dan elegan.','05/14/2024'),('Pet Supplies','Pet Supplies: Toko perlengkapan dan makanan untuk hewan peliharaan.','11/25/2016'),('Petualangan Mainan','Petualangan Mainan: Toko mainan edukatif dan seru untuk anak-anak.','01/29/2022'),('Petualangan Seru','Pusat perlengkapan outdoor untuk aktivitas mendaki, berkemah, dan traveling yang nyaman dan aman.','12/29/2014'),('Pilihan Belanja','Pilihan Belanja: Toko dengan berbagai pilihan produk berkualitas.','02/15/2016'),('Pojok Buku','Pojok Buku: Toko buku kecil dengan berbagai koleksi unik dan menarik.','12/12/2022'),('Prima Fashion','Prima Fashion: Toko fashion dengan koleksi pakaian berkualitas.','06/01/2020'),('Produk Kecantikan','Produk Kecantikan: Toko produk kecantikan dan perawatan diri berkualitas.','11/24/2017'),('Pusat Gadget','Pusat Gadget: Toko gadget dan aksesoris terbaru.','10/21/2017'),('Pusat Komputer','Pusat Komputer: Toko pusat komputer dan perlengkapannya.','12/25/2021'),('Pusat Tren','Pusat Tren: Toko berbagai produk yang mengikuti tren terkini.','01/05/2024'),('Pustaka Ilmu','Pustaka Ilmu: Toko buku dan literatur untuk menambah wawasan dan pengetahuan.','03/31/2019'),('Rak Buku','Rak Buku: Toko peralatan penyimpanan buku dan rak berkualitas.','10/27/2018'),('Rasa Nusantara','Rasa Nusantara: Toko bahan makanan khas Indonesia.','09/28/2019'),('Rezeki Makmur','Rezeki Makmur: Toko dengan pilihan produk berkualitas untuk mendukung kehidupan.','06/07/2018'),('Ruang Indah','Ruang Indah: Toko perlengkapan rumah dan dekorasi yang indah.','05/05/2021'),('Rumah Anak','Rumah Anak: Toko perlengkapan anak dan produk yang mendukung tumbuh kembang.','09/12/2021'),('Rumah Buku','Rumah Buku: Toko buku dengan koleksi lengkap dan bervariasi.','03/11/2015'),('Rumah Gaya','Rumah Gaya: Toko perlengkapan rumah dengan pilihan desain modern.','01/19/2017'),('Rumah Modern','Rumah Modern: Toko perlengkapan rumah dengan gaya modern dan minimalis.','03/01/2017'),('Saatnya Camilan','Saatnya Camilan: Toko yang menyediakan berbagai pilihan camilan enak.','09/06/2020'),('Sahabat Sejahtera','Sahabat Sejahtera: Toko produk berkualitas untuk mendukung kebutuhan sehari-hari.','07/12/2024'),('Santapan Enak','Santapan Enak: Toko berbagai produk makanan dan camilan enak.','12/18/2018'),('Segar Bersama','Toko yang menyediakan berbagai produk segar mulai dari buah, sayur, hingga bahan makanan organik untuk gaya hidup sehat.','02/05/2018'),('Sehat Selalu','Sehat Selalu: Toko produk kesehatan dan makanan sehat.','05/21/2018'),('Selalu Bersama','Selalu Bersama: Toko dengan produk-produk yang mendukung kebersamaan.','06/17/2014'),('Semua Murah','Semua Murah: Toko dengan berbagai pilihan produk murah dan berkualitas.','01/19/2011'),('Seni & Kerajinan','Seni & Kerajinan: Toko perlengkapan seni dan kerajinan tangan.','02/20/2012'),('Sentosa Jaya','Sentosa Jaya: Toko produk berkualitas untuk kehidupan yang lebih nyaman.','11/01/2021'),('Sentuhan Mewah','Sentuhan Mewah: Toko perlengkapan rumah dengan sentuhan kemewahan.','12/28/2014'),('Serba Murah','Serba Murah: Toko dengan produk lengkap dan harga terjangkau.','08/27/2010'),('Serunya Mainan','Serunya Mainan: Toko mainan yang seru dan menyenangkan untuk anak-anak.','12/28/2011'),('Shop & Go','Shop & Go: Toko yang memudahkan Anda berbelanja dengan cepat dan nyaman.','09/11/2017'),('Sinar Pagi','Sinar Pagi: Toko peralatan rumah dengan desain cerah dan menyegarkan.','06/28/2017'),('Sinarnya Abadi','Sinarnya Abadi: Toko peralatan rumah dan produk yang tahan lama dan berkualitas.','04/25/2012'),('Smart Office','Smart Office: Toko perlengkapan kantor yang modern dan pintar.','07/01/2010'),('Smart Wear','Smart Wear: Toko fashion dengan pakaian cerdas dan teknologi terkini.','05/18/2012'),('Snack Time','Snack Time: Toko makanan ringan dan camilan yang enak.','03/28/2020'),('Solusi Dapur','Solusi Dapur: Toko perlengkapan dapur untuk membantu memudahkan aktivitas memasak.','12/16/2010'),('Solusi Gadget','Solusi Gadget: Toko dengan solusi untuk berbagai kebutuhan gadget.','07/07/2015'),('Solusi Rumah','Solusi Rumah: Toko perlengkapan rumah untuk kenyamanan dan kebutuhan keluarga.','02/07/2013'),('Sport Mania','Sport Mania: Toko perlengkapan olahraga dan aktivitas luar ruangan.','12/16/2017'),('Sportivo','Sportivo: Toko produk olahraga dengan berbagai pilihan perlengkapan.','11/12/2015'),('Sudut Buku','Sudut Buku: Toko buku dengan koleksi menarik dan unik.','08/27/2017'),('Sumber Makmur','Sumber Makmur: Toko produk berkualitas untuk kebutuhan sehari-hari.','03/12/2020'),('Super Murah','Super Murah: Toko dengan berbagai produk murah dan berkualitas.','03/08/2016'),('Tech Savvy','Tech Savvy: Toko perlengkapan dan produk teknologi untuk kebutuhan sehari-hari.','05/10/2014'),('Tech World','Tech World: Toko yang menyediakan berbagai produk teknologi terkini.','10/04/2018'),('Teknologi Canggih','Teknologi Canggih: Toko produk teknologi terbaru dan canggih.','01/26/2016'),('Teknologi Terkini','Teknologi Terkini: Toko gadget dan produk teknologi dengan teknologi terbaru.','05/16/2017'),('Tempat Anak','Tempat Anak: Toko perlengkapan anak dan produk yang mendukung kegiatan mereka.','12/24/2021'),('Toko Amanah','Toko Amanah: Toko produk yang terpercaya dan berkualitas untuk semua kebutuhan.','02/21/2012'),('Toko Bahagia','Toko Bahagia: Toko dengan berbagai produk untuk menciptakan kebahagiaan.','02/15/2013'),('Toko Hijau','Toko Hijau: Toko produk ramah lingkungan dan berkelanjutan.','09/24/2010'),('Toko Idaman','Toko Idaman: Toko yang menyediakan barang-barang berkualitas untuk kebutuhan sehari-hari.','01/20/2018'),('Toko Kreatif','Toko Kreatif: Toko produk-produk kreatif dan unik untuk para pencinta seni.','04/14/2012'),('Toko Mandiri','Toko Mandiri: Toko produk yang mendukung gaya hidup mandiri dan berkualitas.','09/05/2019'),('Toko Segar','Toko Segar: Toko produk segar dan berkualitas untuk kebutuhan rumah tangga.','08/12/2013'),('Tontonan Favorit','Tontonan Favorit: Toko media dan hiburan untuk berbagai tontonan favorit.','12/19/2018'),('Toys Kingdom','Toys Kingdom: Toko mainan dengan berbagai pilihan menarik untuk anak-anak.','01/27/2017'),('Travel Gear','Travel Gear: Toko perlengkapan dan aksesoris perjalanan.','11/05/2014'),('Trend Busana','Trend Busana: Toko pakaian dan aksesoris dengan tren fashion terbaru.','01/04/2020'),('Trend Center','Trend Center: Toko yang menyediakan produk-produk terkini dan trendi.','10/20/2019'),('Trend Elektronik','Trend Elektronik: Toko elektronik dengan produk terbaru dan terpopuler.','11/17/2020'),('Trend Optik','Trend Optik: Toko kacamata dan perlengkapan optik terkini.','07/02/2020'),('Tulisan Favorit','Tulisan Favorit: Toko alat tulis dan perlengkapan menulis.','09/07/2018'),('Tulisanku','Tulisanku: Toko alat tulis dan perlengkapan berkualitas.','05/25/2014'),('Utama Gaya','Utama Gaya: Toko produk fashion dan aksesori berkualitas.','05/15/2017'),('Warisan Pasar','Warisan Pasar: Toko produk tradisional dengan kualitas terbaik.','05/12/2013'),('Warung Hijau','Warung Hijau: Toko produk ramah lingkungan dan alami.','12/11/2018'),('Zona Game','Zona Game: Toko perlengkapan gaming dan aksesori untuk para gamer.','09/27/2012'),('Zona Mainan','Zona Mainan: Toko mainan dengan berbagai pilihan seru dan edukatif untuk anak-anak.','06/12/2016');
/*!40000 ALTER TABLE `store_desc` ENABLE KEYS */;
UNLOCK TABLES;

--
-- Table structure for table `store_product`
--

DROP TABLE IF EXISTS `store_product`;
/*!40101 SET @saved_cs_client     = @@character_set_client */;
/*!50503 SET character_set_client = utf8mb4 */;
CREATE TABLE `store_product` (
  `store_name` varchar(20) NOT NULL,
  `product_id` varchar(10) NOT NULL,
  PRIMARY KEY (`store_name`,`product_id`),
  KEY `product_id` (`product_id`),
  CONSTRAINT `store_product_ibfk_2` FOREIGN KEY (`product_id`) REFERENCES `product` (`product_id`),
  CONSTRAINT `store_product_ibfk_3` FOREIGN KEY (`store_name`) REFERENCES `user_store` (`store_name`)
) ENGINE=InnoDB DEFAULT CHARSET=utf8mb4 COLLATE=utf8mb4_0900_ai_ci;
/*!40101 SET character_set_client = @saved_cs_client */;

--
-- Dumping data for table `store_product`
--

LOCK TABLES `store_product` WRITE;
/*!40000 ALTER TABLE `store_product` DISABLE KEYS */;
INSERT INTO `store_product` VALUES ('Alat Dapur','AJ-2864-VL'),('Sentosa Jaya','AJ-2864-VL'),('Buku Unik','AN-8948-CW'),('Citra Perhiasan','AS-5466-KY'),('Shop & Go','AS-5466-KY'),('Prima Fashion','AX-1640-RS'),('Komputer Center','BE-6205-HI'),('Tech World','BT-2185-VL'),('Dapur Kita','BW-2843-MB'),('Dunia Belanja','BW-2843-MB'),('Citra Perhiasan','BZ-0612-ZR'),('Citra Perhiasan','CH-5310-ZQ'),('Prima Fashion','CJ-3144-ZT'),('Citra Perhiasan','CK-8251-TR'),('Cahaya Abadi','CS-2066-NJ'),('Art & Craft','CU-4094-OR'),('Gemilang Makmur','DE-6391-GV'),('Batik Nusantara','DE-8563-JV'),('Lestari Indah','DE-8563-JV'),('Pet Supplies','DE-8563-JV'),('Perkakas Hebat','DL-3115-PU'),('Outlet Fashion','DM-0062-VI'),('Tulisanku','DO-3758-JD'),('Rasa Nusantara','DQ-0513-IA'),('Citra Perhiasan','EB-0180-AD'),('Perkakas Hebat','EB-0180-AD'),('Rumah Gaya','EB-0180-AD'),('Buku Unik','EF-3071-IO'),('Komputer Center','EF-3071-IO'),('Super Murah','EF-3071-IO'),('Cantik Berseri','EH-9330-NL'),('Kuliner Kita','EH-9330-NL'),('Tech Savvy','EI-8053-MO'),('Aksesoris Cantik','EJ-6341-QJ'),('Mainan Seru','EJ-6341-QJ'),('Pasar Tradisi','EJ-6341-QJ'),('Pasar Swalayan','FD-4134-JC'),('Prima Fashion','FJ-8625-QV'),('Outdoor Life','FK-1455-IN'),('Tech World','FK-1455-IN'),('Shop & Go','FM-0734-GT'),('Aksesoris Cantik','FZ-7452-RZ'),('Batik Nusantara','FZ-7452-RZ'),('Beaute Essentials','FZ-7452-RZ'),('Rasa Nusantara','GI-8636-JP'),('Shop & Go','GI-8636-JP'),('Rumah Anak','GK-6923-PK'),('Sentosa Jaya','GQ-0005-NB'),('Alat Kantor','GT-8721-PQ'),('Makan Enak','GT-8721-PQ'),('Kecantikan Kita','GV-9585-IW'),('Gadget Pro','HB-1943-FB'),('Sentosa Jaya','HD-8358-WN'),('Beaute Essentials','HH-6184-HM'),('Mega Elektronik','HH-6184-HM'),('Bersama Kita','HM-1041-OY'),('Prima Fashion','HM-1041-OY'),('Perkakas Hebat','HT-6876-OL'),('Rasa Nusantara','HU-6925-CD'),('Mainan Seru','IE-6078-BJ'),('Hijabku','IF-3583-KQ'),('Travel Gear','IF-3583-KQ'),('Sehat Selalu','IL-0017-PA'),('Kreasi Indah','IX-4985-UB'),('Interior Plus','IY-6712-KP'),('Citra Perhiasan','JJ-9798-EH'),('Tech World','JP-7720-KB'),('Toko Hijau','JW-3192-DP'),('Hobi Kita','JX-7578-DV'),('Trend Elektronik','JX-7578-DV'),('Optima Optik','JZ-0208-KK'),('Tulisanku','JZ-0208-KK'),('Perkakas Hebat','KA-7818-XF'),('Gemilang Makmur','KG-8027-LL'),('Sinar Pagi','KR-3696-WW'),('Hijabku','KS-1913-UW'),('Modern Home','LI-4870-YN'),('Sumber Makmur','LI-4870-YN'),('Rumah Gaya','LL-2195-NH'),('Pustaka Ilmu','LU-2952-LE'),('Toko Hijau','LU-2952-LE'),('Citra Perhiasan','LV-9182-SP'),('Family Mart','LV-9182-SP'),('Mainan Seru','LV-9182-SP'),('Cahaya Abadi','LY-8216-RL'),('Rumah Buku','LZ-0356-ON'),('Trend Optik','LZ-0356-ON'),('Tech World','ME-5968-TP'),('Travel Gear','ME-5968-TP'),('Citra Perhiasan','MH-2229-NP'),('Gaya Busana','MH-2229-NP'),('Makan Enak','MM-3328-GR'),('Sportivo','MN-6446-PL'),('Bintang Dunia','MT-7975-OK'),('Creative Mart','MT-7975-OK'),('Family Mart','MT-7975-OK'),('Belanja Ceria','MX-7927-CS'),('Gadget Central','NC-0934-BE'),('Gadget Pro','NC-0934-BE'),('Bersama Kita','NG-0854-VN'),('Dunia Belanja','NG-0854-VN'),('Dunia Mainan','NG-6304-EX'),('Mitra Kuliner','NG-6304-EX'),('Pojok Buku','NG-6304-EX'),('Karya Seni','NG-6975-CW'),('Batik Nusantara','NH-9035-XP'),('Serba Murah','NJ-1021-FR'),('Gadget Central','NQ-7067-KI'),('Kecantikan Kita','NQ-7067-KI'),('Prima Fashion','NQ-7067-KI'),('Sentosa Jaya','NR-2657-RT'),('Dapur Kita','OG-1207-KG'),('Modern Home','OG-1207-KG'),('Toko Idaman','OG-1207-KG'),('Elektronik Modern','ON-3626-WC'),('Shop & Go','ON-3626-WC'),('Sport Mania','ON-3626-WC'),('Toys Kingdom','ON-3626-WC'),('Rasa Nusantara','OO-5717-CB'),('Snack Time','OU-8146-BK'),('Dapur Kita','OV-4340-AI'),('Komputer Center','OY-5320-JY'),('Makanan Favorit','PM-1048-TS'),('Mainan Seru','PO-0154-TA'),('Rumah Buku','PO-0154-TA'),('Gemilang Makmur','PW-9406-GW'),('Tech Savvy','QC-6586-CU'),('Serba Murah','QH-2849-NV'),('Toko Idaman','QH-2849-NV'),('Dapur Kita','QJ-2867-FK'),('Interior Plus','QO-8721-GA'),('Alat Dapur','QY-8868-ST'),('Trend Elektronik','RA-2782-NB'),('Tulisanku','RA-2782-NB'),('Happy Kids','RA-9203-DB'),('Gadget Central','RH-2254-OR'),('Alat Dapur','RN-0168-YN'),('Optima Optik','RU-1792-QP'),('Cantik Berseri','SA-9148-NQ'),('Citra Perhiasan','SA-9148-NQ'),('Bahagia Store','SC-5495-GC'),('Golden Jewelry','SC-5495-GC'),('Golden Touch','SC-5495-GC'),('Alat Kantor','SO-7403-UK'),('Prima Fashion','SO-7403-UK'),('Tech Savvy','SO-7403-UK'),('Outlet Fashion','SY-9703-PU'),('Prima Fashion','SY-9703-PU'),('Elektronik Modern','TG-3086-TF'),('Mitra Sejahtera','TG-3086-TF'),('Rumah Anak','TG-3086-TF'),('Toko Hijau','TM-1674-ES'),('Happy Kids','TM-5795-WF'),('Hiasan Cantik','TO-9626-CJ'),('Fashion Forward','TU-8813-VC'),('Snack Time','UH-8403-WV'),('Sinar Pagi','UO-5693-AW'),('Fresh Mart','UQ-6270-NJ'),('Rumah Buku','UQ-9807-MN'),('Outdoor Life','UY-0637-JJ'),('Mitra Sejahtera','VF-6663-PU'),('Perkakas Hebat','VF-6663-PU'),('Lestari Indah','VH-3516-YA'),('Citra Perhiasan','VI-5937-LM'),('Mega Supermarket','VI-5937-LM'),('Pasar Tradisi','VI-5937-LM'),('Kuliner Kita','VL-9777-HA'),('Outlet Fashion','VL-9777-HA'),('Sportivo','VL-9777-HA'),('Healthy Life','VN-6527-KY'),('Outlet Fashion','VN-6527-KY'),('Golden Touch','VQ-5242-WC'),('Golden Jewelry','VQ-6745-EH'),('Perkakas Hebat','VU-6942-UF'),('Sehat Selalu','VU-6942-UF'),('Batik Nusantara','VZ-6531-FL'),('Trend Center','VZ-6531-FL'),('Kuliner Kita','WB-8880-LY'),('Karya Seni','WC-5089-RB'),('Kecantikan Kita','WC-5089-RB'),('Serba Murah','WC-5089-RB'),('Golden Touch','WE-5835-RT'),('Makan Enak','WM-6679-GZ'),('Bright Fashion','WX-7137-FT'),('Mitra Kuliner','WX-7137-FT'),('Toko Idaman','WX-7137-FT'),('Karya Seni','WX-7342-VH'),('Gaming Zone','XH-2963-QC'),('Healthy Life','XH-2963-QC'),('Gaming Zone','XZ-7240-UD'),('Makan Enak','XZ-7240-UD'),('Outdoor Life','YM-8897-BF'),('Tech Savvy','YM-8897-BF'),('Optik Vision','YT-4952-PJ'),('Mega Supermarket','ZN-5968-VP'),('Kuliner Kita','ZP-2052-NV'),('Fresh Mart','ZR-4247-EU'),('Golden Jewelry','ZR-4247-EU'),('Serba Murah','ZR-4247-EU'),('Bright Fashion','ZY-6536-TA');
/*!40000 ALTER TABLE `store_product` ENABLE KEYS */;
UNLOCK TABLES;

--
-- Table structure for table `tier_benefits`
--

DROP TABLE IF EXISTS `tier_benefits`;
/*!40101 SET @saved_cs_client     = @@character_set_client */;
/*!50503 SET character_set_client = utf8mb4 */;
CREATE TABLE `tier_benefits` (
  `tier_level` varchar(10) NOT NULL,
  `point_multiplier` int NOT NULL,
  `special_benefits` varchar(50) DEFAULT NULL,
  PRIMARY KEY (`tier_level`,`point_multiplier`)
) ENGINE=InnoDB DEFAULT CHARSET=utf8mb4 COLLATE=utf8mb4_0900_ai_ci;
/*!40101 SET character_set_client = @saved_cs_client */;

--
-- Dumping data for table `tier_benefits`
--

LOCK TABLES `tier_benefits` WRITE;
/*!40000 ALTER TABLE `tier_benefits` DISABLE KEYS */;
INSERT INTO `tier_benefits` VALUES ('Gold',3,'Priority customer service'),('Platinum',4,'Diskon eksklusif untuk member'),('Platinum',5,'Diskon eksklusif untuk member'),('Silver',1,'Free shipping voucher setiap bulan'),('Silver',2,'Free shipping voucher setiap bulan');
/*!40000 ALTER TABLE `tier_benefits` ENABLE KEYS */;
UNLOCK TABLES;

--
-- Table structure for table `user`
--

DROP TABLE IF EXISTS `user`;
/*!40101 SET @saved_cs_client     = @@character_set_client */;
/*!50503 SET character_set_client = utf8mb4 */;
CREATE TABLE `user` (
  `username` varchar(20) NOT NULL,
  `full_name` varchar(30) DEFAULT NULL,
  `email` varchar(35) DEFAULT NULL,
  `password` varchar(20) DEFAULT NULL,
  `home_address` varchar(40) DEFAULT NULL,
  `role` varchar(8) DEFAULT NULL,
  PRIMARY KEY (`username`)
) ENGINE=InnoDB DEFAULT CHARSET=utf8mb4 COLLATE=utf8mb4_0900_ai_ci;
/*!40101 SET character_set_client = @saved_cs_client */;

--
-- Dumping data for table `user`
--

LOCK TABLES `user` WRITE;
/*!40000 ALTER TABLE `user` DISABLE KEYS */;
INSERT INTO `user` VALUES ('Agus140','Agus Hartono','agus.hartono@gmail.com','p9e2YBoMB9pF','Gita Cendana Satria No. 73','both'),('Agus178','Agus Santoso','agus.santoso@gmail.com','o2LdkoT6pfPX','Mutiara Kencana Sriwijaya No. 67','customer'),('Agus190','Agus Hidayat','agus.hidayat@gmail.com','c2NCOksy1MAj','Indah Mandala Mas No. 85','customer'),('Agus563','Agus Nadeak','agus.nadeak@gmail.com','syQw5rDI2foN','Sejahtera Pandawa Bunga No. 91','customer'),('Agus666','Agus Situmorang','agus.situmorang@gmail.com','Pbxm1h_8hyqe','Eka Sutera Pahlawan No. 96','seller'),('Agus746','Agus Lubis','agus.lubis@gmail.com','kzfSzu_W_Bt7','Sutera Krisna Sejahtera No. 76','customer'),('Agus9','Agus Sarumpaet','agus.sarumpaet@gmail.com','FA5hH7akcsD_','Mawar Cendana Melati No. 24','customer'),('Ajeng377','Ajeng Panggabean','ajeng.panggabean@gmail.com','4jxe3m2uiMHU','Sumber Anggrek Taman No. 3','seller'),('Ajeng491','Ajeng Wibowo','ajeng.wibowo@gmail.com','kCzAYc3iWwn3','Eka Krisna Nusantara No. 62','customer'),('Ajeng943','Ajeng Pardomuan','ajeng.pardomuan@gmail.com','Tb5NhkiMWWeB','Mutiara Satria Harapan No. 23','both'),('Aldi557','Aldi Nadeak','aldi.nadeak@gmail.com','8EON81l#6YoO','Cendana Surya Sriwijaya No. 3','customer'),('Aldi880','Aldi Basuki','aldi.basuki@gmail.com','7_zCnFhnE821','Manggis Pahlawan Anggrek No. 39','customer'),('Alfian559','Alfian Situmorang','alfian.situmorang@gmail.com','m2jPgFBYqFlr','Tirta Sumber Kencana No. 39','customer'),('Alfian633','Alfian Sibarani','alfian.sibarani@gmail.com','xVE5SK1w3WFO','Krisna Gemilang Pahlawan No. 58','customer'),('Alvin402','Alvin Kusuma','alvin.kusuma@gmail.com','GTsIe2aSaTzi','Jl. Kenanga Mangga No. 3','customer'),('Alvin747','Alvin Hartono','alvin.hartono@gmail.com','qB254zPydyLu','Jl. Sutera Sejahtera No. 69','both'),('Amalia604','Amalia Sidabutar','amalia.sidabutar@gmail.com','#mrNcUZUGicn','Harapan Sriwijaya Karang No. 75','seller'),('Andi462','Andi Priyono','andi.priyono@gmail.com','WLx913P6lMAt','Lestari Pahlawan Kenangan No. 2','both'),('Andi665','Andi Limbong','andi.limbong@gmail.com','CwwB7tmzkAqk','Tulung Kencana Raya No. 47','customer'),('Arif193','Arif Saputra','arif.saputra@gmail.com','OLjUezqR#tIs','Gang Sutera Karang No. 56','customer'),('Arif478','Arif Oktaviani','arif.oktaviani@gmail.com','82MvZfNzws_B','Mutiara Kencana Cahaya No. 36','customer'),('Arif877','Arif Ginting','arif.ginting@gmail.com','I0D0i11Cjl26','Lestari Anggrek Pahlawan No. 11','customer'),('Aris205','Aris Tambunan','aris.tambunan@gmail.com','i2y5_LQTm7um','Seroja Sejahtera Kencana No. 23','customer'),('Aris710','Aris Hutabarat','aris.hutabarat@gmail.com','7ZR2W3wqowh6','Eka Bunga Bunga No. 20','seller'),('Aris747','Aris Naibaho','aris.naibaho@gmail.com','1Yv6JdHMpaZA','Harapan Melati Harapan No. 50','seller'),('Bagus584','Bagus Setiawan','bagus.setiawan@gmail.com','1TZ_rfH0its5','Tulung Batu Raya No. 90','seller'),('Bambang564','Bambang Br Tarigan','bambang.br tarigan@gmail.com','2VMh5_tX#1fE','Bukit Mas Sriwijaya No. 9','customer'),('Bambang755','Bambang Nainggolan','bambang.nainggolan@gmail.com','dOaA##DTGKap','Jl. Melati Raya No. 82','both'),('Bayu590','Bayu Nababan','bayu.nababan@gmail.com','y34b1v41weEi','Sejahtera Sejahtera Cempaka No. 62','both'),('Beby464','Beby Manik','beby.manik@gmail.com','mje6frsu5VEq','Tanah Kamboja Cahaya No. 91','both'),('Beby707','Beby Sibarani','beby.sibarani@gmail.com','hXZZhyoWSIjv','Gita Kencana Cendana No. 22','customer'),('Beby940','Beby Nababan','beby.nababan@gmail.com','tmqJOUA28NlR','Mawar Nusantara Sejahtera No. 51','customer'),('Benny25','Benny Siregar','benny.siregar@gmail.com','Y0VyZwB5o0_h','Gemilang Melati Anggrek No. 45','seller'),('Benny574','Benny Sitanggang','benny.sitanggang@gmail.com','Ttcx8#LupGyV','Kencana Mandala Mangga No. 98','seller'),('Benny981','Benny Girsang','benny.girsang@gmail.com','UwHoDxxCTWuV','Bintang Anggrek Kencana No. 32','customer'),('Berlian801','Berlian Malau','berlian.malau@gmail.com','WLPhij8wlMTB','Sumber Mandala Pandawa No. 47','seller'),('Berlian9','Berlian Sihombing','berlian.sihombing@gmail.com','NxFsJgUVgvqy','Perumahan Mandala Mutiara No. 16','customer'),('Cahya356','Cahya Yulianti','cahya.yulianti@gmail.com','KwagKBpLX9wF','Manggis Satria Anggrek No. 53','customer'),('Cahya389','Cahya Barus','cahya.barus@gmail.com','AeT6oHR6pi0O','Tirta Kencana Sejahtera No. 54','customer'),('Chandra108','Chandra Amiruddin','chandra.amiruddin@gmail.com','uq9xYGD0CJ47','Lestari Bunga Karunia No. 68','customer'),('Chandra374','Chandra Barus','chandra.barus@gmail.com','TkRzLQu6h3VB','Gita Kencana Karang No. 66','customer'),('Chandra859','Chandra Pakpahan','chandra.pakpahan@gmail.com','KhCpdcPLdDDr','Bunga Pahlawan Mas No. 76','customer'),('Chika990','Chika Lumban Gaol','chika.lumban gaol@gmail.com','xa5z0O6SkRV8','Tepi Cempaka Mutiara No. 69','seller'),('Cindy402','Cindy Nainggolan','cindy.nainggolan@gmail.com','Bux0VIkXRuf0','Sutera Merdeka Aroma No. 77','both'),('Cindy974','Cindy Amiruddin','cindy.amiruddin@gmail.com','HMWqLz_3atrk','Indah Sumber Borneo No. 37','customer'),('Cinta43','Cinta Lumban','cinta.lumban@gmail.com','SPbfHb7hdXQk','Boulevard Bergas Merdeka No. 32','both'),('Cinta529','Cinta Suryadi','cinta.suryadi@gmail.com','cFFoD7RfJUj4','Indah Krisna Pahlawan No. 2','seller'),('Cinta68','Cinta Manurung','cinta.manurung@gmail.com','q9gjkqhNOkug','Indah Sumber Kenanga No. 79','customer'),('Cinta833','Cinta Nadeak','cinta.nadeak@gmail.com','rRvPLMNuAwhW','Kenanga Gemilang Borneo No. 86','customer'),('Cinta85','Cinta Wibowo','cinta.wibowo@gmail.com','GY_uaTGqmTVr','Perumahan Cempaka Cendana No. 91','customer'),('Citra116','Citra Tambunan','citra.tambunan@gmail.com','mzCaQH9PteoZ','Gang Anggrek Kenanga No. 12','seller'),('Citra226','Citra Wijaya','citra.wijaya@gmail.com','1CLPlqkvPiDs','Komplek Harapan Nusantara No. 90','seller'),('Citra380','Citra Limbong','citra.limbong@gmail.com','X8a4hR5DBuHT','Manggis Bukit Sejahtera No. 29','seller'),('Citra549','Citra Fauzi','citra.fauzi@gmail.com','YHHfrJu1jhp3','Lingkar Bunga Sutera No. 88','customer'),('Citra690','Citra Ginting','citra.ginting@gmail.com','ffMKHNz2#vvq','Krisna Bergas Melati No. 26','customer'),('Citra692','Citra Hutabarat','citra.hutabarat@gmail.com','Zg39Xu#1D9O6','Tirta Pahlawan Kenanga No. 53','both'),('Citra778','Citra Pakpahan','citra.pakpahan@gmail.com','54CfB1i7MCfy','Cahaya Pahlawan Pahlawan No. 92','seller'),('Citra872','Citra Pakpahan','citra.pakpahan@gmail.com','7N42N7gbuh#h','Komplek Pahlawan Kencana No. 14','customer'),('Citra935','Citra Hutapea','citra.hutapea@gmail.com','x0Lp1pU1HWg1','Manggis Kenanga Sejahtera No. 30','both'),('Clara386','Clara Aritonang','clara.aritonang@gmail.com','INx65G2LXkR2','Pahlawan Melati Nusantara No. 60','seller'),('Clara550','Clara Manik','clara.manik@gmail.com','9H0EEG4x7hb7','Boulevard Bunga Borneo No. 73','both'),('Clara863','Clara Tambunan','clara.tambunan@gmail.com','k#JHd6p60nzZ','Rukun Pahlawan Mandala No. 84','customer'),('Dani308','Dani Oktaviani','dani.oktaviani@gmail.com','F2sCDvlFdHz5','Tanah Harapan Mas No. 33','customer'),('Dani547','Dani Fauzi','dani.fauzi@gmail.com','iOLhliSBLeaU','Gita Mutiara Taman No. 69','customer'),('Dani657','Dani Siregar','dani.siregar@gmail.com','swi9jbd8AQo9','Cempaka Taman Merdeka No. 27','customer'),('Dani918','Dani Simbolon','dani.simbolon@gmail.com','808qYcNdlWaQ','Boulevard Satria Mas No. 97','customer'),('Daniar530','Daniar Sembiring','daniar.sembiring@gmail.com','1qj#YOqAw4bU','Cahaya Raya Raya No. 3','seller'),('Daniar727','Daniar Br Sitepu','daniar.br sitepu@gmail.com','JtMpeZLV9QbI','Raya Bergas Kencana No. 74','customer'),('Darmawan103','Darmawan Hutauruk','darmawan.hutauruk@gmail.com','F6yDdjQYWWTa','Pandan Cendana Kenangan No. 75','customer'),('Darmawan625','Darmawan Saragih','darmawan.saragih@gmail.com','ZqhGapFjj9ml','Bunga Kamboja Karang No. 75','seller'),('Darmawan737','Darmawan Alamsyah','darmawan.alamsyah@gmail.com','dNukjm6jPDXm','Raya Bunga Bunga No. 86','customer'),('Darmawan759','Darmawan Handayani','darmawan.handayani@gmail.com','QMKaUKEXxams','Pahlawan Pahlawan Batu No. 23','seller'),('David993','David Amiruddin','david.amiruddin@gmail.com','fWPtyXXQPRjt','Cahaya Kenanga Sumber No. 31','customer'),('Desta377','Desta Pardede','desta.pardede@gmail.com','otWStafz1R#4','Eka Mas Anggrek No. 53','customer'),('Desta48','Desta Silitonga','desta.silitonga@gmail.com','I6ljlEIUtrwm','Tepi Kencana Kenanga No. 54','customer'),('Desta695','Desta Sagala','desta.sagala@gmail.com','VqhTpnPB27HA','Taman Harapan Taman No. 89','customer'),('Devi119','Devi Sihombing','devi.sihombing@gmail.com','onGOO4RQCI1D','Taman Pahlawan Indah No. 29','seller'),('Devi17','Devi Sihite','devi.sihite@gmail.com','UYUcrWeYYdWA','Cahaya Aroma Kamboja No. 53','seller'),('Devi492','Devi Pasaribu','devi.pasaribu@gmail.com','CbLIrYSaRsIV','Lingkar Kenanga Melati No. 31','customer'),('Dewi15','Dewi Hutauruk','dewi.hutauruk@gmail.com','#reQlJvQwCe2','Tanah Kencana Cempaka No. 75','customer'),('Dewi481','Dewi Manurung','dewi.manurung@gmail.com','28RxBe#a5Lh6','Taman Cendana Kencana No. 27','customer'),('Dewi642','Dewi Sihombing','dewi.sihombing@gmail.com','no5PlGe3XHrB','Raya Mangga Cendana No. 34','customer'),('Dian372','Dian Siregar','dian.siregar@gmail.com','Bi9G2tR6Om2d','Anggrek Melati Borneo No. 50','customer'),('Dian688','Dian Harahap','dian.harahap@gmail.com','xoNd1yhKBwev','Pandan Raya Kencana No. 21','seller'),('Dian99','Dian Malau','dian.malau@gmail.com','JqeZPbuzxBEZ','Gita Sutera Kencana No. 24','seller'),('Dwi118','Dwi Napitu','dwi.napitu@gmail.com','f#XEV3YfyN5z','Jalan Kenanga Taman No. 86','seller'),('Dwi550','Dwi Pardomuan','dwi.pardomuan@gmail.com','SM4RWcjesP1g','Boulevard Cempaka Batu No. 100','customer'),('Dwi915','Dwi Manurung','dwi.manurung@gmail.com','H1LPtxK_2lbx','Komplek Taman Cahaya No. 40','seller'),('Eko615','Eko Putri','eko.putri@gmail.com','zslm6D2FxDEr','Tirta Bunga Sriwijaya No. 7','customer'),('Eko668','Eko Alamsyah','eko.alamsyah@gmail.com','5UcwlMslpb9p','Raya Kenanga Kencana No. 48','customer'),('Elang736','Elang Situmorang','elang.situmorang@gmail.com','PiFwIxXnokmS','Mawar Krisna Nusantara No. 100','both'),('Elang924','Elang Saputra','elang.saputra@gmail.com','cXijs8h_JOJ4','Mawar Tirta Bintang No. 47','seller'),('Ella233','Ella Kusuma','ella.kusuma@gmail.com','nAMsBrLYiFIm','Melati Melati Cendana No. 89','both'),('Ella385','Ella Triyana','ella.triyana@gmail.com','TcNeFTwpNLPB','Mutiara Cahaya Pandawa No. 24','seller'),('Emir699','Emir Manurung','emir.manurung@gmail.com','8tjofYdSs7B_','Kencana Pahlawan Melati No. 53','customer'),('Erlangga129','Erlangga Marbun','erlangga.marbun@gmail.com','ZeBSpjeS21Nd','Sutera Bunga Kamboja No. 37','customer'),('Erlangga133','Erlangga Prasetya','erlangga.prasetya@gmail.com','lyL_rGoXgcUO','Jl. Kencana Bunga No. 66','seller'),('Erlangga838','Erlangga Aritonang','erlangga.aritonang@gmail.com','e8un2PJ7oi6z','Jalan Satria Raya No. 88','seller'),('Erna534','Erna Puspita','erna.puspita@gmail.com','U4UHTiYcQC6w','Sumber Cempaka Sejahtera No. 90','customer'),('Erna671','Erna Situmorang','erna.situmorang@gmail.com','YJwgn#gxkfIn','Taman Borneo Cahaya No. 11','customer'),('Erna934','Erna Santoso','erna.santoso@gmail.com','b3HHE65Hk1k3','Gang Merdeka Melati No. 34','seller'),('Erna937','Erna Lumban Gaol','erna.lumban gaol@gmail.com','dX41NplTbB69','Pahlawan Anggrek Cempaka No. 20','both'),('Evi30','Evi Mahardika','evi.mahardika@gmail.com','OMPQ1vpqArsc','Tirta Cendana Kenanga No. 10','customer'),('Evi443','Evi Sitompul','evi.sitompul@gmail.com','9uy8XxoRBapO','Puspa Karunia Bunga No. 100','customer'),('Evi569','Evi Lubis','evi.lubis@gmail.com','3wvTodkwbCwP','Manggis Cempaka Kenanga No. 26','customer'),('Evi716','Evi Tobing','evi.tobing@gmail.com','vFXzgXeNnlPs','Komplek Cempaka Bunga No. 77','seller'),('Evi946','Evi Samosir','evi.samosir@gmail.com','WxiLjPysdyvn','Krisna Krisna Harapan No. 82','customer'),('Fahmi329','Fahmi Pakpahan','fahmi.pakpahan@gmail.com','h9dd6hgIKOKp','Kuda Anggrek Harapan No. 54','customer'),('Fahri120','Fahri Mahardika','fahri.mahardika@gmail.com','l02JAeazu7LS','Tirta Cempaka Cendana No. 42','seller'),('Fahri398','Fahri Harahap','fahri.harahap@gmail.com','nYnXHAoyzOyO','Gading Bukit Harapan No. 59','seller'),('Fahri720','Fahri Sinaga','fahri.sinaga@gmail.com','Ol7J0U2#IBbc','Puspa Kamboja Indah No. 52','customer'),('Fajar616','Fajar Perangin-angin','fajar.perangin-angin@gmail.com','DQaV0DOojj2n','Lingkar Bintang Satria No. 22','customer'),('Fani363','Fani Fauzi','fani.fauzi@gmail.com','nzp3jk6oEZoc','Komplek Nusantara Kamboja No. 30','customer'),('Fani698','Fani Lumban','fani.lumban@gmail.com','UPirfXH3TcFr','Gita Sutera Kenanga No. 26','customer'),('Fani805','Fani Nababan','fani.nababan@gmail.com','TLbWVCeJTIdc','Sutera Melati Sejahtera No. 81','customer'),('Farhan180','Farhan Sagala','farhan.sagala@gmail.com','kwBgY#XcVRK3','Jalan Pahlawan Nusantara No. 49','customer'),('Farhan263','Farhan Siallagan','farhan.siallagan@gmail.com','4L9W0D2toHHR','Gita Melati Anggrek No. 22','customer'),('Farhan44','Farhan Aritonang','farhan.aritonang@gmail.com','QNUG_1_lDzDU','Sejahtera Sriwijaya Nusantara No. 95','customer'),('Farhan645','Farhan Lestari','farhan.lestari@gmail.com','GNLP#yE5oYXG','Indah Pahlawan Kencana No. 87','both'),('Fatimah839','Fatimah Sianturi','fatimah.sianturi@gmail.com','oDjzrnKV9a6A','Taman Pahlawan Mas No. 31','customer'),('Fikri12','Fikri Handayani','fikri.handayani@gmail.com','LsU5_Eq0D4u9','Sejahtera Bukit Cempaka No. 62','seller'),('Fikri222','Fikri Pasaribu','fikri.pasaribu@gmail.com','8xToahym2DlL','Sutera Borneo Cempaka No. 72','customer'),('Fikri947','Fikri Tobing','fikri.tobing@gmail.com','Gx8zLlXkdF_s','Rukun Sutera Karang No. 49','both'),('Firman246','Firman Pakpahan','firman.pakpahan@gmail.com','675aH1NPUlnu','Bunga Raya Sumber No. 92','customer'),('Fitra626','Fitra Tambunan','fitra.tambunan@gmail.com','j7cf0_gO9Wc8','Lestari Sejahtera Cendana No. 52','customer'),('Galih23','Galih Tarigan','galih.tarigan@gmail.com','rt8iMrK#S4uw','Sutera Pahlawan Sriwijaya No. 8','seller'),('Galih295','Galih Ananda','galih.ananda@gmail.com','vdzE82NiBATl','Taman Cempaka Indah No. 27','customer'),('Galih823','Galih Hutabarat','galih.hutabarat@gmail.com','T7TDxMvszm_a','Rukun Tirta Batu No. 88','customer'),('Galuh104','Galuh Sidabutar','galuh.sidabutar@gmail.com','7GC2WRg0cdpW','Cendana Mas Pahlawan No. 49','seller'),('Gavin36','Gavin Sihombing','gavin.sihombing@gmail.com','UWmBHmcViXXA','Mawar Raya Krisna No. 4','seller'),('Gavin417','Gavin Sihombing','gavin.sihombing@gmail.com','bVcDmVIHIBsE','Raya Melati Karang No. 8','seller'),('Gavin737','Gavin Handayani','gavin.handayani@gmail.com','v2#RMY6Sj8DN','Tirta Mandala Mawar No. 83','customer'),('Genta118','Genta Sitanggang','genta.sitanggang@gmail.com','4uSPpoUYqjFe','Lestari Sumber Sriwijaya No. 23','both'),('Genta332','Genta Fadli','genta.fadli@gmail.com','MkD6joyhxDIY','Kenanga Cendana Kenanga No. 5','seller'),('Genta717','Genta Lumban','genta.lumban@gmail.com','EOsYZZERYkhF','Kenanga Taman Anggrek No. 86','customer'),('Genta728','Genta Ginting','genta.ginting@gmail.com','aApgwEJG6Uqn','Cendana Melati Cempaka No. 85','customer'),('Genta730','Genta Sarumpaet','genta.sarumpaet@gmail.com','p2lGX5xUr9XD','Indah Pahlawan Satria No. 32','customer'),('Gilang152','Gilang Siringoringo','gilang.siringoringo@gmail.com','BVGsNwnk4dAJ','Mawar Gemilang Sumber No. 69','customer'),('Gilang527','Gilang Simangunsong','gilang.simangunsong@gmail.com','LP9IGoY72Jek','Kencana Sejahtera Kenanga No. 57','customer'),('Gilang532','Gilang Tambunan','gilang.tambunan@gmail.com','VMqJoANr#WXY','NusantaraSumber Mas No. 52','customer'),('Gilang585','Gilang Hidayat','gilang.hidayat@gmail.com','ri89t9pflknQ','Eka Borneo Bunga No. 72','seller'),('Gilang937','Gilang Sitorus','gilang.sitorus@gmail.com','HiD7BKZdrdhz','Bunga Cempaka Taman No. 99','customer'),('Gina342','Gina Oktaviani','gina.oktaviani@gmail.com','3csR_LiEgREa','Manggis Indah Taman No. 100','customer'),('Gina64','Gina Panjaitan','gina.panjaitan@gmail.com','M2#9Z50AlBOt','Bunga Cahaya Anggrek No. 69','customer'),('Gina788','Gina Sipayung','gina.sipayung@gmail.com','QKDmJI5_U2Ho','Tanah Merdeka Mas No. 86','customer'),('Gina906','Gina Barus','gina.barus@gmail.com','bgagP0bMK33C','Sejahtera Cendana Sriwijaya No. 46','seller'),('Gina996','Gina Sarumpaet','gina.sarumpaet@gmail.com','6onZJwUIkhMa','Pahlawan Bintang Pahlawan No. 53','seller'),('Gita270','Gita Panjaitan','gita.panjaitan@gmail.com','Xhqzocseu##C','Harapan Sutera Bunga No. 28','customer'),('Gita480','Gita Pakpahan','gita.pakpahan@gmail.com','jUerYTE3DtNi','Sumber Bergas Mutiara No. 53','customer'),('Gita616','Gita Tambunan','gita.tambunan@gmail.com','4XhSo0OxtKr1','Kencana Bintang Harapan No. 80','customer'),('Gita666','Gita Hutapea','gita.hutapea@gmail.com','zytpdHdphpwm','Jl. Batu Nusantara No. 31','customer'),('Gusti29','Gusti Girsang','gusti.girsang@gmail.com','sBYUTCLM_VgF','Sejahtera Mas Nusantara No. 36','customer'),('Gusti805','Gusti Panjaitan','gusti.panjaitan@gmail.com','MoNOd6zw4Yas','Bukit Pahlawan Bintang No. 1','seller'),('Gusti813','Gusti Malau','gusti.malau@gmail.com','1zMccLa4fMTH','Seroja Sumber Pahlawan No. 91','seller'),('Habib167','Habib Sitorus','habib.sitorus@gmail.com','nL#9uVlVA6f7','Manggis Mutiara Cempaka No. 76','customer'),('Habib245','Habib Sarumpaet','habib.sarumpaet@gmail.com','Fo6ruaipQnlX','Krisna Tirta Indah No. 13','customer'),('Habib432','Habib Marbun','habib.marbun@gmail.com','yBc8eqidOObK','Sumber Mandala Bukit No. 71','seller'),('Habib473','Habib Widjaja','habib.widjaja@gmail.com','UuxDYkDgT8YP','Lestari Sutera Harapan No. 32','seller'),('Habib666','Habib Marbun','habib.marbun@gmail.com','t7gEtJYZH1Qh','Taman Raya Gemilang No. 77','seller'),('Habib692','Habib Rizky','habib.rizky@gmail.com','WfTLsvSBrAbt','Rukun Gemilang Sriwijaya No. 81','customer'),('Hadi224','Hadi Hutasoit','hadi.hutasoit@gmail.com','G0WixEmJ_sMH','Lestari Cendana Kenanga No. 81','customer'),('Hadi230','Hadi Wahyuni','hadi.wahyuni@gmail.com','cp1jP_pI2aQi','Cahaya Kenanga Kenanga No. 16','customer'),('Hadi372','Hadi Sidabutar','hadi.sidabutar@gmail.com','1c5KCxDRL83F','Kenanga Sutera Pahlawan No. 62','both'),('Hanafi254','Hanafi Simangunsong','hanafi.simangunsong@gmail.com','qLPj#Nj0Egm5','Jl. Taman Pahlawan No. 58','customer'),('Hanafi291','Hanafi Tambunan','hanafi.tambunan@gmail.com','gNFzR2zbffh#','Melati Cahaya Kenanga No. 24','customer'),('Hanafi516','Hanafi Susanto','hanafi.susanto@gmail.com','qGGKuKqIDNOq','Jalan Sejahtera Kenangan No. 43','seller'),('Hanafi540','Hanafi Fadli','hanafi.fadli@gmail.com','YsUb2nRjS#pW','Raya Krisna Sumber No. 86','customer'),('Harun473','Harun Pardomuan','harun.pardomuan@gmail.com','vOiuuL75Yvf4','Pahlawan Gemilang Cempaka No. 13','customer'),('Harun554','Harun Hutajulu','harun.hutajulu@gmail.com','wZJ_nTjA2Pph','Tulung Sriwijaya Pahlawan No. 23','seller'),('Harun685','Harun Sitanggang','harun.sitanggang@gmail.com','l6s4pFREwnWs','Cahaya Mawar Cempaka No. 77','seller'),('Hendra294','Hendra Nadeak','hendra.nadeak@gmail.com','yGtOIQYDcF3W','Sejahtera Pahlawan Kamboja No. 80','customer'),('Hendra50','Hendra Triyana','hendra.triyana@gmail.com','Mkpk5Fbhw#JQ','Tirta Batu Kencana No. 11','customer'),('Hendra601','Hendra Sarumpaet','hendra.sarumpaet@gmail.com','pUF3itmrze2Z','Cempaka Sejahtera Karunia No. 45','seller'),('Hendra748','Hendra Sembiring','hendra.sembiring@gmail.com','tuxKOuyyn9c2','Jalan Mangga Krisna No. 16','seller'),('Hendri894','Hendri Lubis','hendri.lubis@gmail.com','JeYTozNSVi7Y','Pahlawan Pahlawan Tirta No. 6','both'),('Heri901','Heri Siringoringo','heri.siringoringo@gmail.com','Fkz12361y78Z','Sutera Pahlawan Cempaka No. 63','seller'),('Ida352','Ida Nasution','ida.nasution@gmail.com','_EsEqRGjxlCk','Gita Melati Karang No. 70','customer'),('Ida698','Ida Situmorang','ida.situmorang@gmail.com','RUpUkoKCifFv','Indah Melati Karang No. 83','both'),('Ida907','Ida Munthe','ida.munthe@gmail.com','X3Ta4BT4Xhp0','Sutera Mandala Pahlawan No. 55','both'),('Imam195','Imam Hartono','imam.hartono@gmail.com','29JdsRv6VaCf','Cahaya Sutera Gemilang No. 60','both'),('Imam383','Imam Hutasuhut','imam.hutasuhut@gmail.com','7T3wd4Su68O7','Cendana Sumber Sumber No. 69','customer'),('Imam888','Imam Fauzi','imam.fauzi@gmail.com','snLM2fmJVfGP','Sutera Krisna Raya No. 10','customer'),('Indra394','Indra Aritonang','indra.aritonang@gmail.com','qL6vo9MI5BS5','Bunga Surya Mawar No. 85','customer'),('Indra431','Indra Sidabutar','indra.sidabutar@gmail.com','swuDIUJoZlKu','Pahlawan Sriwijaya Mas No. 63','both'),('Indra445','Indra Situmorang','indra.situmorang@gmail.com','yXcR2CLxJB77','Harapan Raya Nusantara No. 52','customer'),('Indra796','Indra Wibowo','indra.wibowo@gmail.com','RDX5yfAaxZw_','Jalan Kenanga Cempaka No. 28','customer'),('Indra896','Indra Sitompul','indra.sitompul@gmail.com','RTHbZevQ3iiD','Cahaya Aroma Harapan No. 100','seller'),('Intan157','Intan Hutasoit','intan.hutasoit@gmail.com','F78daVVbU7YG','Pahlawan Kencana Anggrek No. 64','seller'),('Intan734','Intan Siregar','intan.siregar@gmail.com','DWCwYLpmj79U','Mutiara Mangga Surya No. 18','seller'),('Intan942','Intan Handayani','intan.handayani@gmail.com','xSSqWUiK7OAX','Eka Surya Cendana No. 81','customer'),('Irfan491','Irfan Kurniawan','irfan.kurniawan@gmail.com','clxiXCcWcv2p','Kuda Mas Sutera No. 75','seller'),('Irfan874','Irfan Napitu','irfan.napitu@gmail.com','BkzA5eAU3Mpo','Tirta Gemilang Taman No. 48','customer'),('Irma145','Irma Munthe','irma.munthe@gmail.com','KBcqktN5GhHA','Taman Tirta Pahlawan No. 81','customer'),('Irma450','Irma Permana','irma.permana@gmail.com','GPuVtz1jef0R','Cempaka Cendana Cempaka No. 92','customer'),('Irma780','Irma Sari','irma.sari@gmail.com','Ei2qM9u521L9','Kenanga Pandawa Tirta No. 13','both'),('Irwan590','Irwan Sianipar','irwan.sianipar@gmail.com','xkdoD3aR9xw9','Tepi Raya Karang No. 100','customer'),('Irwan994','Irwan Tambunan','irwan.tambunan@gmail.com','Ou7ApMTRGT0J','Taman Kencana Kenanga No. 3','customer'),('Irwan999','Irwan Rizky','irwan.rizky@gmail.com','8GWEf5FEzixV','Krisna Mandala Cendana No. 54','seller'),('Ismail384','Ismail Santika','ismail.santika@gmail.com','woIVvFDPZbY8','Cahaya Bunga Kamboja No. 61','customer'),('Ismail991','Ismail Setiawan','ismail.setiawan@gmail.com','fsA73X6idrzR','Sutera Taman Tirta No. 83','seller'),('Ita263','Ita Naibaho','ita.naibaho@gmail.com','0vD4qH3mU55_','Eka Bergas Kenangan No. 28','seller'),('Ita59','Ita Sianipar','ita.sianipar@gmail.com','4yN0pTBrhcIG','Taman Taman Harapan No. 70','customer'),('Ita746','Ita Santoso','ita.santoso@gmail.com','qaCYoX0xmaap','Kuda Raya Sejahtera No. 32','customer'),('Janu312','Janu Sirait','janu.sirait@gmail.com','tNc7a1gTcxvb','Gita Harapan Cendana No. 100','customer'),('Janu522','Janu Pakpahan','janu.pakpahan@gmail.com','UkYIcULggyf9','Jalan Pahlawan Kencana No. 83','customer'),('Jimmy402','Jimmy Sibarani','jimmy.sibarani@gmail.com','gjhIHfeqxaba','Taman Cahaya Pandawa No. 35','customer'),('Jimmy658','Jimmy Batubara','jimmy.batubara@gmail.com','grNMWfYjhIsj','Cahaya Melati Tirta No. 60','customer'),('Johan27','Johan Anggraini','johan.anggraini@gmail.com','tSMWKhNhFEEO','Gita Pahlawan Mas No. 71','customer'),('Johan365','Johan Panggabean','johan.panggabean@gmail.com','Kie9G8pMKqet','Perumahan Bergas Nusantara No. 75','seller'),('Johan438','Johan Hartono','johan.hartono@gmail.com','74qL1cd51EQd','Perumahan Melati Nusantara No. 24','customer'),('Johan508','Johan Sitinjak','johan.sitinjak@gmail.com','ksO1uPA6z1IJ','Manggis Sriwijaya Sejahtera No. 36','seller'),('Johan510','Johan Puspita','johan.puspita@gmail.com','HigIV912pMXU','Pahlawan Sutera Sutera No. 16','seller'),('Johan810','Johan Sembiring','johan.sembiring@gmail.com','hF2co8maDYnn','Gita Nusantara Mangga No. 44','customer'),('Joko216','Joko Hardjono','joko.hardjono@gmail.com','nFJ5H6hlUcV3','Perumahan Kenangan Kamboja No. 91','customer'),('Joko45','Joko Sari','joko.sari@gmail.com','aYzmGmAWCDYn','Sutera Aroma Cahaya No. 24','customer'),('Joko475','Joko Hutasuhut','joko.hutasuhut@gmail.com','G7CmgaMRCc9k','Anggrek Bunga Cempaka No. 81','customer'),('Joko524','Joko Siringoringo','joko.siringoringo@gmail.com','xtsc9qpO1Nav','Tanah Pahlawan Mas No. 99','customer'),('Joko556','Joko Sinurat','joko.sinurat@gmail.com','ZX6umhhHWuqI','Harapan Cempaka Merdeka No. 62','customer'),('Joko599','Joko Ananda','joko.ananda@gmail.com','jnQJg_8U4Jnc','Kenanga Kamboja Mandala No. 49','seller'),('Joko78','Joko Damanik','joko.damanik@gmail.com','MkE8hlhNmb6X','Pahlawan Harapan Cahaya No. 73','customer'),('Julian75','Julian Sianipar','julian.sianipar@gmail.com','4IKwh7SgffSA','Raya Kencana Kencana No. 93','seller'),('Julian763','Julian Sianturi','julian.sianturi@gmail.com','2Y4cXAWk3q1Y','Indah Mas Sriwijaya No. 83','customer'),('Julian981','Julian Samosir','julian.samosir@gmail.com','QryKN1EgH6Em','Mawar Taman Anggrek No. 49','customer'),('Kanaya110','Kanaya Nadeak','kanaya.nadeak@gmail.com','Zf7opXVfiyiI','Pandan Mas Mas No. 93','seller'),('Kanaya441','Kanaya Ginting','kanaya.ginting@gmail.com','s0T_hAumw7Bh','Bintang Mutiara Batu No. 71','customer'),('Kartika157','Kartika Tamba','kartika.tamba@gmail.com','sJFtmYastRA1','Gading Melati Sejahtera No. 69','seller'),('Kartika29','Kartika Munthe','kartika.munthe@gmail.com','aDz3euLg5ow1','Manggis Karunia Cendana No. 3','seller'),('Kartika68','Kartika Dewi','kartika.dewi@gmail.com','lN9sNh66ES7g','Taman Cahaya Nusantara No. 8','customer'),('Ken1000','Ken Hutasoit','ken.hutasoit@gmail.com','GcEQe_RjY4Dt','Manggis Cahaya Taman No. 52','customer'),('Ken375','Ken Siregar','ken.siregar@gmail.com','Gjd0aFOFvI1o','Perumahan Satria Kenanga No. 73','customer'),('Ken773','Ken Kurniawan','ken.kurniawan@gmail.com','wZfLvfYE5rxC','Kuda Sejahtera Pandawa No. 95','customer'),('Ken883','Ken Ginting','ken.ginting@gmail.com','Tclm5XDp_Vqn','Mawar Taman Raya No. 80','customer'),('Kiki243','Kiki Simangunsong','kiki.simangunsong@gmail.com','UO2G80bmz6N7','Raya Bunga Melati No. 80','seller'),('Kiki379','Kiki Tambunan','kiki.tambunan@gmail.com','rEfjmX4j1Q_H','Pahlawan Surya Raya No. 52','customer'),('Kiki611','Kiki Tobing','kiki.tobing@gmail.com','2pRBxBTE9Udd','Bukit Mas Sumber No. 99','customer'),('Krisna475','Krisna Susanto','krisna.susanto@gmail.com','z5kDV5y5TmUp','Harapan Mutiara Kencana No. 66','customer'),('Krisna643','Krisna Pasaribu','krisna.pasaribu@gmail.com','rp2#axDBuB6X','Mawar Raya Melati No. 63','customer'),('Kurnia189','Kurnia Panggabean','kurnia.panggabean@gmail.com','fvFYyOPA9FGn','Bintang Sejahtera Kenanga No. 49','seller'),('Kurnia309','Kurnia Alamsyah','kurnia.alamsyah@gmail.com','1XpeFNYpTYui','NusantaraGemilang Cahaya No. 51','customer'),('Lestari179','Lestari Lubis','lestari.lubis@gmail.com','_XjQvFWQWxPp','Gading Tirta Melati No. 3','seller'),('Lestari629','Lestari Lumban','lestari.lumban@gmail.com','nkjiixSDAQSW','Sejahtera Raya Cendana No. 45','customer'),('Lestari632','Lestari Situmorang','lestari.situmorang@gmail.com','i0tN3TFsXfhq','Bunga Sutera Mutiara No. 72','seller'),('Lestari638','Lestari Purba','lestari.purba@gmail.com','nGg59CrQ71IQ','Manggis Taman Mawar No. 8','seller'),('Lestari922','Lestari Lestari','lestari.lestari@gmail.com','wL43EOIU0S_X','Taman Kenanga Indah No. 9','customer'),('Lia28','Lia Hutasuhut','lia.hutasuhut@gmail.com','45DpMPMa8627','Sejahtera Harapan Satria No. 81','seller'),('Lia429','Lia Br Sitepu','lia.br sitepu@gmail.com','esTwQpX4ihKg','Mutiara Sumber Kencana No. 54','seller'),('Lia781','Lia Pratama','lia.pratama@gmail.com','h1DPbXeBfS4e','Eka Cendana Kenanga No. 12','seller'),('Lia992','Lia Sihombing','lia.sihombing@gmail.com','mmrqtp68wz1f','Gading Bergas Mas No. 95','customer'),('Lina659','Lina Lestari','lina.lestari@gmail.com','NAt1rrW_06MV','NusantaraPahlawan Sriwijaya No. 14','customer'),('Lina768','Lina Sinaga','lina.sinaga@gmail.com','Lt9iS2rVVEjN','Bersama Sutera Mandala No. 76','seller'),('Linda152','Linda Br Sitepu','linda.br sitepu@gmail.com','2dpwJ2sCGad4','Sejahtera Harapan Kencana No. 49','customer'),('Linda529','Linda Ginting','linda.ginting@gmail.com','3yIcIvXUlPDg','Jalan Mandala Taman No. 78','customer'),('Linda72','Linda Barus','linda.barus@gmail.com','Uc#4IZkOEDjy','Raya Harapan Nusantara No. 90','customer'),('Luki274','Luki Parulian','luki.parulian@gmail.com','PvkDEDoWvYSR','Taman Bunga Kencana No. 56','customer'),('Luki331','Luki Saputri','luki.saputri@gmail.com','Fj0VP0MIh3Lw','Taman Sriwijaya Batu No. 26','customer'),('Luki643','Luki Situmorang','luki.situmorang@gmail.com','PwRQkBrroEf#','Taman Mas Taman No. 5','both'),('Luki644','Luki Harahap','luki.harahap@gmail.com','0wAjGRRINf30','Gemilang Batu Harapan No. 48','seller'),('Made397','Made Susanto','made.susanto@gmail.com','LQi99r4K1xzX','Cendana Surya Pahlawan No. 26','customer'),('Made734','Made Sitorus','made.sitorus@gmail.com','xXvmtRXqCVad','Boulevard Harapan Satria No. 87','customer'),('Manuela544','Manuela Tambunan','manuela.tambunan@gmail.com','zuYAhuKQbFYM','Sumber Pahlawan Pahlawan No. 95','seller'),('Manuela602','Manuela Purba','manuela.purba@gmail.com','gSVboP_V0n7S','Raya Raya Cahaya No. 2','seller'),('Maria394','Maria Pardede','maria.pardede@gmail.com','Y2Snyo_DBPAc','Komplek Pahlawan Kencana No. 95','customer'),('Maria550','Maria Hutabarat','maria.hutabarat@gmail.com','Dt5mzCMmpXT1','Kencana Bintang Kencana No. 12','seller'),('Maya103','Maya Hidayat','maya.hidayat@gmail.com','PZwGY6ujS9D9','Bukit Bukit Karunia No. 91','seller'),('Mega114','Mega Sitompul','mega.sitompul@gmail.com','61hraAWg4sDV','Perumahan Kencana Gemilang No. 42','both'),('Mega225','Mega Lestari','mega.lestari@gmail.com','hzcgT6VAV2Wc','Raya Sumber Pahlawan No. 70','seller'),('Mega717','Mega Sigalingging','mega.sigalingging@gmail.com','KwdvBfiPUvnW','Eka Bergas Aroma No. 45','customer'),('Mega979','Mega Sigalingging','mega.sigalingging@gmail.com','aqGsvA_2HLKM','Cendana Karunia Gemilang No. 68','seller'),('Melati496','Melati Setiawan','melati.setiawan@gmail.com','pPbojCYcjoT6','Mawar Kenanga Bunga No. 39','seller'),('Melati788','Melati Anggraini','melati.anggraini@gmail.com','ObWJU0tGVsI7','NusantaraSumber Nusantara No. 32','both'),('Melly374','Melly Lestari','melly.lestari@gmail.com','9H3tjnmFWpRK','Bersama Kencana Sejahtera No. 69','customer'),('Meylani562','Meylani Pasaribu','meylani.pasaribu@gmail.com','4g1EdYtEmaZ0','Taman Pahlawan Bukit No. 60','customer'),('Meylani651','Meylani Sihite','meylani.sihite@gmail.com','RKgBKrtKksyI','Cendana Bunga Bergas No. 21','customer'),('Miko165','Miko Harahap','miko.harahap@gmail.com','V9G13rtAuRxE','Harapan Sumber Satria No. 87','customer'),('Miko538','Miko Butarbutar','miko.butarbutar@gmail.com','L#EHsfuHyQ58','Boulevard Cahaya Aroma No. 35','customer'),('Miko842','Miko Simangunsong','miko.simangunsong@gmail.com','20rKZ6y0OVNE','Harapan Kenanga Kamboja No. 2','both'),('Nabila941','Nabila Sigalingging','nabila.sigalingging@gmail.com','KPxAO8cxmwQx','Harapan Mas Pahlawan No. 21','customer'),('Nabila987','Nabila Nadeak','nabila.nadeak@gmail.com','8TWLGrjmn7fJ','Sutera Merdeka Pahlawan No. 12','customer'),('Nanda306','Nanda Batubara','nanda.batubara@gmail.com','V8tI7nSdswrp','Seroja Pahlawan Kencana No. 53','customer'),('Nanda320','Nanda Manalu','nanda.manalu@gmail.com','HwH3n_5TniOs','Satria Karunia Sutera No. 69','customer'),('Nanda376','Nanda Priyono','nanda.priyono@gmail.com','qKKMRBOW#5sT','Gang Kencana Gemilang No. 41','customer'),('Nanda40','Nanda Priyono','nanda.priyono@gmail.com','53KQs8T6JfH3','Tepi Aroma Mutiara No. 33','customer'),('Nanda705','Nanda Amiruddin','nanda.amiruddin@gmail.com','uTi6Zb6N73eK','Manggis Batu Melati No. 85','seller'),('Nanda751','Nanda Setiawan','nanda.setiawan@gmail.com','BXOCAmQlsoq0','Cendana Batu Harapan No. 48','customer'),('Nia142','Nia Situmorang','nia.situmorang@gmail.com','MAfnnjslGEsj','Raya Indah Surya No. 54','customer'),('Nia326','Nia Nugroho','nia.nugroho@gmail.com','ufgsJRrnLia3','Sejahtera Kenanga Melati No. 22','seller'),('Novi332','Novi Sirait','novi.sirait@gmail.com','rAleKS2MYtqp','Taman Pandawa Cahaya No. 50','seller'),('Novi55','Novi Suryadi','novi.suryadi@gmail.com','0y0SFcBq0v4u','Manggis Krisna Merdeka No. 31','customer'),('Novi809','Novi Hutauruk','novi.hutauruk@gmail.com','yvkLItYjmJH6','Gita Bunga Kencana No. 94','customer'),('Novianti855','Novianti Sari','novianti.sari@gmail.com','kVmfMEQZ2X6s','Sejahtera Indah Mawar No. 13','customer'),('Nur146','Nur Girsang','nur.girsang@gmail.com','Qa7GO6PDg6UE','Boulevard Krisna Sriwijaya No. 14','seller'),('Nur376','Nur Sibarani','nur.sibarani@gmail.com','GxHhyAP3Wjp7','Sutera Pahlawan Surya No. 79','customer'),('Nur774','Nur Harahap','nur.harahap@gmail.com','dgZVTkNYt7eZ','Cempaka Pahlawan Merdeka No. 61','customer'),('Nur793','Nur Tobing','nur.tobing@gmail.com','WrRYVDy1pXBz','Gita Sejahtera Cendana No. 77','customer'),('Nurul405','Nurul Doloksaribu','nurul.doloksaribu@gmail.com','hnU8s7PYcgCu','Taman Harapan Pahlawan No. 82','customer'),('Nurul591','Nurul Anggraini','nurul.anggraini@gmail.com','8IxKjfyKGGS7','Raya Harapan Melati No. 54','both'),('Octa432','Octa Sitorus','octa.sitorus@gmail.com','2E97W7PnMxXP','Anggrek Merdeka Pahlawan No. 38','customer'),('Octa559','Octa Sibarani','octa.sibarani@gmail.com','Asppvsh72J27','Sutera Cahaya Anggrek No. 48','customer'),('Octa593','Octa Pardede','octa.pardede@gmail.com','hLlWSnMNCVuk','Jl. Anggrek Raya No. 76','customer'),('Octa812','Octa Tobing','octa.tobing@gmail.com','ueIdasyRkiva','Mawar Harapan Raya No. 3','customer'),('Octa845','Octa Oktaviani','octa.oktaviani@gmail.com','IUuIyJ3bYjy4','Mawar Kencana Kenanga No. 49','both'),('Octa9','Octa Suryadi','octa.suryadi@gmail.com','aoPYjxEOtgxv','Sejahtera Cendana Kencana No. 48','seller'),('Octa972','Octa Napitu','octa.napitu@gmail.com','j5uI83hojkWJ','Kenanga Cempaka Kencana No. 30','customer'),('Oka516','Oka Purba','oka.purba@gmail.com','3ReSgz1#l34A','Kencana Melati Raya No. 14','both'),('Oki516','Oki Pardede','oki.pardede@gmail.com','5iH8UFjlPzHX','Tulung Gemilang Cendana No. 69','customer'),('Oki582','Oki Basuki','oki.basuki@gmail.com','LSHLHrIkNCLa','Kencana Mas Kencana No. 100','customer'),('Oktavia0','Oktavia Sitanggang','oktavia.sitanggang@gmail.com','7GJ1wRsew2zm','Lingkar Pahlawan Borneo No. 32','customer'),('Oktavia516','Oktavia Sianipar','oktavia.sianipar@gmail.com','kAAWj7xwbNHr','Taman Pahlawan Sriwijaya No. 52','customer'),('Oktavia680','Oktavia Barus','oktavia.barus@gmail.com','wzrHPNUBB#nL','Tulung Pahlawan Sumber No. 40','seller'),('Oktavia877','Oktavia Ginting','oktavia.ginting@gmail.com','B1dLxA66Ah3_','Jl. Satria Bukit No. 59','customer'),('Oktaviani340','Oktaviani Silitonga','oktaviani.silitonga@gmail.com','FG60#P57FgNb','Krisna Bintang Nusantara No. 38','customer'),('Olivia133','Olivia Barus','olivia.barus@gmail.com','SBnAoDXjBGLN','Lingkar Melati Indah No. 66','customer'),('Ovi636','Ovi Wijaya','ovi.wijaya@gmail.com','g8vIYr5VsZp2','Bukit Cendana Kencana No. 28','customer'),('Ovi705','Ovi Aritonang','ovi.aritonang@gmail.com','UH__nuxW#fHV','Pahlawan Taman Melati No. 42','customer'),('Ovi979','Ovi Putri','ovi.putri@gmail.com','VnS9WOQ8GPsP','Lestari Raya Melati No. 98','seller'),('Poppy231','Poppy Anggraini','poppy.anggraini@gmail.com','_JPlXkfd1pUc','Seroja Bukit Bukit No. 31','customer'),('Pratama258','Pratama Nababan','pratama.nababan@gmail.com','2qs8ajMm9#KQ','Tulung Cendana Bergas No. 56','seller'),('Pratama820','Pratama Simangunsong','pratama.simangunsong@gmail.com','NiH6N7kCdJJt','Puspa Kenanga Pandawa No. 17','both'),('Prima658','Prima Munthe','prima.munthe@gmail.com','ULpu0A2ZsfcS','Gading Pahlawan Karang No. 41','both'),('Prima722','Prima Kusuma','prima.kusuma@gmail.com','QXevUd6Sb6gi','Anggrek Raya Anggrek No. 31','customer'),('Priska799','Priska Silitonga','priska.silitonga@gmail.com','y3qKV387ySvY','Lestari Bunga Sriwijaya No. 67','customer'),('Purnama746','Purnama Saragih','purnama.saragih@gmail.com','4zf0TEmbxnFh','Krisna Pahlawan Kamboja No. 30','seller'),('Purnama913','Purnama Lestari','purnama.lestari@gmail.com','_atkqM6SNLGQ','Satria Kencana Pahlawan No. 96','customer'),('Putra557','Putra Ananda','putra.ananda@gmail.com','8whXlUOmJInt','Gading Pahlawan Satria No. 75','customer'),('Putra584','Putra Nadeak','putra.nadeak@gmail.com','qntc#FIbHUcU','Harapan Krisna Sumber No. 20','seller'),('Putri154','Putri Sibarani','putri.sibarani@gmail.com','I8HQx8qVwnvr','Jalan Pahlawan Borneo No. 24','seller'),('Putri207','Putri Batubara','putri.batubara@gmail.com','DTqlWpWSkdaJ','Tanah Kenangan Mangga No. 85','customer'),('Putri216','Putri Hutajulu','putri.hutajulu@gmail.com','W_i4jV5k0m5V','Pahlawan Mas Gemilang No. 80','both'),('Putri298','Putri Girsang','putri.girsang@gmail.com','dsDnSBiQp6PJ','Cempaka Bunga Gemilang No. 40','customer'),('Putri329','Putri Nainggolan','putri.nainggolan@gmail.com','8rrZdVenfsUV','Perumahan Mandala Borneo No. 8','customer'),('Putri569','Putri Amiruddin','putri.amiruddin@gmail.com','yfZg8NMqsy55','Gang Sutera Kamboja No. 56','seller'),('Putri57','Putri Puspita','putri.puspita@gmail.com','cm19#kTwT845','Cendana Pahlawan Sriwijaya No. 56','customer'),('Putri572','Putri Priyono','putri.priyono@gmail.com','BSSmttykdeSV','Satria Mas Kenanga No. 51','customer'),('Putri583','Putri Nababan','putri.nababan@gmail.com','5w74hK8sp3Kf','Taman Gemilang Indah No. 59','customer'),('Putri734','Putri Sembiring','putri.sembiring@gmail.com','#V8s11_jyEvl','Sumber Batu Gemilang No. 37','customer'),('Putri789','Putri Sitorus','putri.sitorus@gmail.com','iuMm3cD3Hctw','Cahaya Kenanga Anggrek No. 30','seller'),('Putri859','Putri Munthe','putri.munthe@gmail.com','OS8TsgR6oh3M','Indah Sejahtera Mutiara No. 31','both'),('Qiana395','Qiana Fadli','qiana.fadli@gmail.com','bYEnZBHXTMKo','Manggis Nusantara Mas No. 78','customer'),('Qiana792','Qiana Sitorus','qiana.sitorus@gmail.com','ND22Okh9yoZD','Kencana Aroma Mawar No. 43','customer'),('Qori626','Qori Manik','qori.manik@gmail.com','DHzC_3fdxnZe','Taman Pahlawan Taman No. 100','seller'),('Rahman308','Rahman Girsang','rahman.girsang@gmail.com','wIzO5ZfOZATk','Sutera Sejahtera Mutiara No. 16','customer'),('Rahman466','Rahman Sirait','rahman.sirait@gmail.com','Tt3_vKeNXVeu','Bersama Cahaya Sutera No. 88','customer'),('Rahmat356','Rahmat Butarbutar','rahmat.butarbutar@gmail.com','BoDvrYHFYDUa','Taman Raya Nusantara No. 27','both'),('Rahmat426','Rahmat Rahman','rahmat.rahman@gmail.com','yAypWTnc_z28','Pahlawan Cendana Bintang No. 94','seller'),('Rahmat563','Rahmat Siburian','rahmat.siburian@gmail.com','53fN30md7xnn','Sejahtera Gemilang Kamboja No. 44','seller'),('Rama777','Rama Tambunan','rama.tambunan@gmail.com','GWQJwHonpWCo','Seroja Pandawa Taman No. 72','customer'),('Rama938','Rama Hutajulu','rama.hutajulu@gmail.com','i8XPpd8uTeVW','Raya Pahlawan Cahaya No. 99','customer'),('Ratih756','Ratih Amiruddin','ratih.amiruddin@gmail.com','Xme3_dMIqKl1','Bunga Bergas Batu No. 32','seller'),('Ratih899','Ratih Susanto','ratih.susanto@gmail.com','PaIgah3Jjtnn','Bersama Anggrek Bunga No. 59','customer'),('Rendy735','Rendy Priyono','rendy.priyono@gmail.com','Sz9LgildiSnO','Krisna Harapan Mas No. 31','customer'),('Rian701','Rian Sitompul','rian.sitompul@gmail.com','qsoYXcyXqkoX','Mutiara Cempaka Cendana No. 30','customer'),('Rian711','Rian Kusuma','rian.kusuma@gmail.com','TjylcLlHN8Hv','Eka Raya Kenanga No. 100','customer'),('Rian807','Rian Munthe','rian.munthe@gmail.com','ErFYBucdBFsL','Seroja Sumber Krisna No. 82','seller'),('Rifqi387','Rifqi Nababan','rifqi.nababan@gmail.com','A39StroP5ICl','Rukun Nusantara Indah No. 60','seller'),('Rifqi416','Rifqi Pardomuan','rifqi.pardomuan@gmail.com','fQoQMdd0dXW6','Perumahan Sutera Raya No. 44','seller'),('Rifqi750','Rifqi Hutasuhut','rifqi.hutasuhut@gmail.com','bUPmVEdjofeA','Anggrek Batu Kenangan No. 20','both'),('Rifqi874','Rifqi Harahap','rifqi.harahap@gmail.com','M2vRaKAfY6Td','Kenanga Sejahtera Bergas No. 20','customer'),('Rio190','Rio Br Sitepu','rio.br sitepu@gmail.com','#zopkRqm38fQ','Pahlawan Indah Kenanga No. 58','customer'),('Rio259','Rio Yulianti','rio.yulianti@gmail.com','COvIXBT3ivK0','Raya Kenanga Gemilang No. 91','seller'),('Rio43','Rio Br Ginting','rio.br ginting@gmail.com','wujhZx6VV4c3','Seroja Pahlawan Merdeka No. 2','seller'),('Rio825','Rio Sidabutar','rio.sidabutar@gmail.com','TC_iDgeQeepS','Kenanga Pahlawan Mutiara No. 55','seller'),('Sari11','Sari Saragih','sari.saragih@gmail.com','dvFHxAarJ90o','Tepi Mandala Bukit No. 49','seller'),('Sari258','Sari Girsang','sari.girsang@gmail.com','#FxwhoEhG5mO','Satria Sumber Mas No. 34','customer'),('Sari375','Sari Hutasoit','sari.hutasoit@gmail.com','nYK_4Uz8IPKJ','Eka Satria Kencana No. 64','seller'),('Sari694','Sari Saragih','sari.saragih@gmail.com','IxOqSDJ25HpA','Sejahtera Raya Karang No. 29','customer'),('Sari773','Sari Silaban','sari.silaban@gmail.com','JOZwYfokty0o','Cahaya Melati Kamboja No. 79','customer'),('Sari803','Sari Sianturi','sari.sianturi@gmail.com','IHVRemR21BQ5','Pahlawan Sejahtera Cahaya No. 92','customer'),('Shinta316','Shinta Limbong','shinta.limbong@gmail.com','#sKHjNSM3Kgo','Jl. Raya Taman No. 53','customer'),('Shinta782','Shinta Dewi','shinta.dewi@gmail.com','YjY8ItARjm5l','Eka Taman Indah No. 19','seller'),('Shinta873','Shinta Siagian','shinta.siagian@gmail.com','P8liw3lh9EyS','Seroja Anggrek Kamboja No. 78','customer'),('Shinta880','Shinta Prasetya','shinta.prasetya@gmail.com','7QqQsEzAK3#x','Kencana Cendana Sejahtera No. 57','both'),('Shinta924','Shinta Parulian','shinta.parulian@gmail.com','CRqXOmd_WAEr','Pahlawan Bintang Cendana No. 69','seller'),('Silvia800','Silvia Parulian','silvia.parulian@gmail.com','V84skGJTuwDL','Seroja Kencana Melati No. 30','customer'),('Silvia910','Silvia Hidayat','silvia.hidayat@gmail.com','CgK7Ez2r9_VV','Jalan Tirta Sutera No. 60','customer'),('Sinta420','Sinta Purba','sinta.purba@gmail.com','_Z813qShwF_M','Mutiara Kencana Anggrek No. 22','seller'),('Sinta580','Sinta Alamsyah','sinta.alamsyah@gmail.com','X7J8_Ef2CwkR','Tirta Cahaya Pahlawan No. 62','customer'),('Siti313','Siti Sigalingging','siti.sigalingging@gmail.com','sTY8bTmECk9G','Jl. Mas Sriwijaya No. 93','customer'),('Siti571','Siti Tarigan','siti.tarigan@gmail.com','H4prHuPBLaiv','Anggrek Tirta Raya No. 16','customer'),('Siti878','Siti Mahardika','siti.mahardika@gmail.com','Dw0M6Jz7rTwz','Satria Kenanga Raya No. 50','customer'),('Sonny610','Sonny Mahardika','sonny.mahardika@gmail.com','gwoPr9TVMj_8','Puspa Kencana Sumber No. 92','seller'),('Sonny68','Sonny Saragih','sonny.saragih@gmail.com','CxHQSYZZxrWS','Harapan Bintang Karunia No. 79','customer'),('Stefan112','Stefan Girsang','stefan.girsang@gmail.com','xIS1lzRcOoPl','Rukun Pahlawan Sriwijaya No. 16','customer'),('Stefan168','Stefan Sigalingging','stefan.sigalingging@gmail.com','sA8ticgr775s','Kencana Kenanga Pahlawan No. 22','customer'),('Stefan350','Stefan Rahman','stefan.rahman@gmail.com','n5ogMTejLnDk','Mawar Pahlawan Bintang No. 22','customer'),('Stefan591','Stefan Tambunan','stefan.tambunan@gmail.com','k#bjJOrW32Tx','Puspa Nusantara Bunga No. 59','customer'),('Stefan909','Stefan Malau','stefan.malau@gmail.com','i_TZ6J0#4kdE','Tanah Nusantara Karang No. 2','customer'),('Surya267','Surya Halim','surya.halim@gmail.com','KH7EJouEmjs3','Raya Sejahtera Bergas No. 82','seller'),('Surya614','Surya Ginting','surya.ginting@gmail.com','mMc5qeVO2IlZ','Kencana Satria Cendana No. 68','customer'),('Surya867','Surya Malau','surya.malau@gmail.com','OaM0Q1o06Buh','Jl. Taman Cendana No. 93','both'),('Surya893','Surya Sinurat','surya.sinurat@gmail.com','Ta0JA4oxFbhu','Rukun Melati Borneo No. 7','both'),('Surya896','Surya Malau','surya.malau@gmail.com','r3dBTM9r30Vf','Bintang Cahaya Mangga No. 63','customer'),('Syifa15','Syifa Munthe','syifa.munthe@gmail.com','L3svadQ6fzY2','Gading Sriwijaya Mawar No. 60','customer'),('Syifa415','Syifa Saputri','syifa.saputri@gmail.com','OMIFv8imqXAQ','Sutera Raya Melati No. 10','both'),('Syifa816','Syifa Limbong','syifa.limbong@gmail.com','IIu2TXghGAPF','Pahlawan Sutera Sumber No. 50','customer'),('Tasya538','Tasya Sarumpaet','tasya.sarumpaet@gmail.com','Jh4DQAmA#AyA','Raya Sriwijaya Surya No. 46','seller'),('Taufik230','Taufik Sihombing','taufik.sihombing@gmail.com','pEY8HbsVH2HQ','Raya Bukit Pahlawan No. 39','both'),('Taufik231','Taufik Sari','taufik.sari@gmail.com','5d3v3PpkaH1I','Indah Mas Bintang No. 21','seller'),('Taufik359','Taufik Kurniawan','taufik.kurniawan@gmail.com','WNBw_zJb_nbi','Perumahan Pahlawan Tirta No. 100','customer'),('Taufik376','Taufik Samosir','taufik.samosir@gmail.com','TmJUSqDqkkpk','Pandan Kamboja Pahlawan No. 20','customer'),('Taufik417','Taufik Limbong','taufik.limbong@gmail.com','J3rzuZnj0dnT','Bukit Sriwijaya Tirta No. 22','customer'),('Taufik498','Taufik Handayani','taufik.handayani@gmail.com','Hj3M3DfXQT7_','Jalan Tirta Cendana No. 46','customer'),('Taufik791','Taufik Setiawan','taufik.setiawan@gmail.com','32Iu4nnnunP2','Mutiara Kenanga Gemilang No. 74','customer'),('Teguh611','Teguh Br Ginting','teguh.br ginting@gmail.com','bar#iug23MmO','Manggis Surya Pahlawan No. 19','customer'),('Teguh791','Teguh Doloksaribu','teguh.doloksaribu@gmail.com','5H3oDyBvX75w','Sejahtera Cempaka Kencana No. 26','seller'),('Teguh833','Teguh Manalu','teguh.manalu@gmail.com','hAA2aaa9#GAN','Eka Mas Sumber No. 67','customer'),('Tia623','Tia Silaban','tia.silaban@gmail.com','vi8gXYx7Guxz','Sumber Pahlawan Tirta No. 3','customer'),('Tri280','Tri Tambunan','tri.tambunan@gmail.com','BozXVLmOyCIZ','Gang Mangga Kamboja No. 23','customer'),('Tri417','Tri Hutasuhut','tri.hutasuhut@gmail.com','49s8s_0TFG6L','Sejahtera Bunga Cendana No. 34','customer'),('Tyas532','Tyas Aritonang','tyas.aritonang@gmail.com','T8sAbkHoObbQ','Komplek Krisna Nusantara No. 8','customer'),('Tyas636','Tyas Aritonang','tyas.aritonang@gmail.com','VhLWgO#oo#t8','Cahaya Kencana Gemilang No. 9','customer'),('Tyas807','Tyas Hutabarat','tyas.hutabarat@gmail.com','lNx#SrncoDOJ','Tepi Cendana Kenanga No. 4','seller'),('Udin130','Udin Putri','udin.putri@gmail.com','HBJKEdFlBVsv','Taman Sutera Mawar No. 38','seller'),('Udin412','Udin Hutauruk','udin.hutauruk@gmail.com','vvkdNwrICLsB','Mutiara Melati Cahaya No. 27','customer'),('Udin821','Udin Hutasuhut','udin.hutasuhut@gmail.com','plRHmlav4N1i','Manggis Melati Kencana No. 23','customer'),('Ujang65','Ujang Simanjuntak','ujang.simanjuntak@gmail.com','FKDRaewC1qAp','Satria Merdeka Pahlawan No. 44','customer'),('Ujang849','Ujang Parulian','ujang.parulian@gmail.com','4c20BdMb8Zwk','Lingkar Melati Melati No. 32','customer'),('Ujang856','Ujang Hutajulu','ujang.hutajulu@gmail.com','aR6#g3nSfFLO','Puspa Raya Sejahtera No. 82','both'),('Ujang884','Ujang Rahman','ujang.rahman@gmail.com','Z3_ywlgMemie','NusantaraPandawa Cendana No. 33','customer'),('Ulfa67','Ulfa Simangunsong','ulfa.simangunsong@gmail.com','NesvoivQ6lop','NusantaraTirta Borneo No. 22','customer'),('Ulfa751','Ulfa Sarumpaet','ulfa.sarumpaet@gmail.com','hAbbcvyR5OV5','Harapan Harapan Pahlawan No. 83','customer'),('Umar695','Umar Sihite','umar.sihite@gmail.com','XAzKINuufR2a','Sejahtera Batu Kencana No. 20','customer'),('Umar839','Umar Panggabean','umar.panggabean@gmail.com','fm9xuxo4CiJr','Lingkar Bukit Nusantara No. 46','seller'),('Umi419','Umi Siregar','umi.siregar@gmail.com','7gnLIi6vg39z','Kenanga Aroma Sejahtera No. 51','customer'),('Umi810','Umi Lubis','umi.lubis@gmail.com','fuisZTjaOwUu','Sejahtera Mawar Anggrek No. 30','both'),('Usman169','Usman Hutauruk','usman.hutauruk@gmail.com','CeCAD#Z2x5bi','Sumber Bergas Pahlawan No. 65','seller'),('Usman651','Usman Sitorus','usman.sitorus@gmail.com','AiHoW2EbPJjs','Perumahan Anggrek Karunia No. 4','seller'),('Usman686','Usman Utami','usman.utami@gmail.com','bkiWbfK7hW5B','Anggrek Anggrek Raya No. 38','customer'),('Utami207','Utami Tobing','utami.tobing@gmail.com','DZfDcx7YbI_E','Jalan Indah Sejahtera No. 16','seller'),('Utami224','Utami Siregar','utami.siregar@gmail.com','b5EoSK9bDvNr','Raya Krisna Karunia No. 24','customer'),('Utami772','Utami Lestari','utami.lestari@gmail.com','K_BJNJSkigfr','Anggrek Pahlawan Kencana No. 92','customer'),('Utami859','Utami Samosir','utami.samosir@gmail.com','c3aEFi0UwGn4','Tulung Cendana Gemilang No. 2','seller'),('Veri517','Veri Tamba','veri.tamba@gmail.com','2hSQ7R1lrCn1','Gemilang Kenanga Sutera No. 1','customer'),('Veri792','Veri Wijaya','veri.wijaya@gmail.com','RF2y8AQ5sQFD','Mutiara Mas Sriwijaya No. 46','seller'),('Veronica303','Veronica Pasaribu','veronica.pasaribu@gmail.com','P2dNQT#JS3Fe','Cahaya Raya Cempaka No. 44','customer'),('Vidya390','Vidya Silitonga','vidya.silitonga@gmail.com','oGni9L011zu7','Gading Kenanga Cahaya No. 90','both'),('Vidya448','Vidya Anggraini','vidya.anggraini@gmail.com','t9u#BOzZ5mWX','Manggis Nusantara Cendana No. 57','customer'),('Vina651','Vina Panggabean','vina.panggabean@gmail.com','_FRNlTZR4H#I','Bintang Bunga Cahaya No. 62','customer'),('Vina775','Vina Aritonang','vina.aritonang@gmail.com','o6dTJD5UvPXE','Mutiara Kamboja Kencana No. 37','seller'),('Vino199','Vino Hutajulu','vino.hutajulu@gmail.com','IJJ89Mqi1nnU','Sejahtera Taman Melati No. 47','customer'),('Vino304','Vino Limbong','vino.limbong@gmail.com','e9mrFnhXrzaq','Gading Bergas Cendana No. 10','both'),('Vino612','Vino Malau','vino.malau@gmail.com','dVw0OCeK6IoP','Gemilang Pahlawan Melati No. 57','seller'),('Vino955','Vino Triyana','vino.triyana@gmail.com','P0JPSZJMH1Zt','Gang Raya Mawar No. 59','both'),('Vita254','Vita Aritonang','vita.aritonang@gmail.com','eu1QwFu#S8lG','Pahlawan Gemilang Pahlawan No. 65','both'),('Vivi475','Vivi Sari','vivi.sari@gmail.com','tOXH4woK4j9j','Cempaka Gemilang Kenanga No. 14','customer'),('Wahid595','Wahid Pratama','wahid.pratama@gmail.com','qfMX4kJV2AUd','Indah Surya Surya No. 69','customer'),('Wahyu292','Wahyu Munthe','wahyu.munthe@gmail.com','ApytHYm9INJl','Gading Cendana Mas No. 77','customer'),('Wahyu319','Wahyu Naibaho','wahyu.naibaho@gmail.com','0cNa3NXz7G23','Sutera Bukit Cempaka No. 88','customer'),('Wahyu375','Wahyu Sihite','wahyu.sihite@gmail.com','JDiyYINRdOTp','Cahaya Batu Pandawa No. 45','customer'),('Wahyu420','Wahyu Malau','wahyu.malau@gmail.com','gv3wYxF69dU6','Raya Gemilang Taman No. 48','seller'),('Wahyu948','Wahyu Butarbutar','wahyu.butarbutar@gmail.com','irp_gp6CUYiy','Raya Mas Merdeka No. 11','seller'),('Wahyu953','Wahyu Butarbutar','wahyu.butarbutar@gmail.com','s1F5eS7A_VwT','Sumber Mawar Borneo No. 90','both'),('Wanda187','Wanda Hutasoit','wanda.hutasoit@gmail.com','A0Pxj6AEX7Or','Eka Cendana Satria No. 65','seller'),('Wanda296','Wanda Pakpahan','wanda.pakpahan@gmail.com','skbjmEXTZ6gl','Perumahan Gemilang Bunga No. 87','customer'),('Wanda969','Wanda Pandiangan','wanda.pandiangan@gmail.com','O3LmIv7sz3aT','Bintang Sejahtera Taman No. 24','seller'),('Wawan185','Wawan Siagian','wawan.siagian@gmail.com','9kR4HDCp_sz2','Bukit Pandawa Mawar No. 72','customer'),('Wawan566','Wawan Saputri','wawan.saputri@gmail.com','E7PmDem4BsFZ','Rukun Bintang Gemilang No. 57','seller'),('Wawan950','Wawan Sihite','wawan.sihite@gmail.com','F62aq_tqOu68','Seroja Sriwijaya Cendana No. 34','both'),('Widya984','Widya Pasaribu','widya.pasaribu@gmail.com','N#GyISuDP9KO','Tulung Karunia Indah No. 60','customer'),('Wulan376','Wulan Wibowo','wulan.wibowo@gmail.com','aH#ALYE0jJOL','Lestari Cendana Anggrek No. 78','seller'),('Yanto692','Yanto Pakpahan','yanto.pakpahan@gmail.com','WKM#ihqBIHr2','Sumber Bunga Nusantara No. 39','seller'),('Yanto77','Yanto Hutasoit','yanto.hutasoit@gmail.com','R9vWN0gGwRK0','NusantaraSumber Gemilang No. 26','seller'),('Yanto884','Yanto Harahap','yanto.harahap@gmail.com','zOdto#atO5HM','Taman Gemilang Raya No. 44','customer'),('Yohana32','Yohana Sinaga','yohana.sinaga@gmail.com','cjCTvWl85bL7','Cendana Sriwijaya Kencana No. 36','customer'),('Yona355','Yona Purba','yona.purba@gmail.com','NtOu#BsXzMS2','Jl. Mas Mawar No. 68','customer'),('Yona916','Yona Sitorus','yona.sitorus@gmail.com','b8DPRLxuOxxn','Tanah Sutera Surya No. 93','both'),('Yuda153','Yuda Doloksaribu','yuda.doloksaribu@gmail.com','pL8VoDcOdSl3','Sejahtera Anggrek Taman No. 94','customer'),('Yuda613','Yuda Basuki','yuda.basuki@gmail.com','AIMhDT8GxUaZ','Eka Kenangan Surya No. 62','customer'),('Yuda892','Yuda Girsang','yuda.girsang@gmail.com','NwbdhRgQsuLi','Puspa Kenangan Cempaka No. 29','customer'),('Yuda930','Yuda Br Ginting','yuda.br ginting@gmail.com','NLrD8cUeGdtK','Tirta Bunga Anggrek No. 94','both'),('Yudha491','Yudha Sigalingging','yudha.sigalingging@gmail.com','uzqZqFG#4Tba','Perumahan Mutiara Pahlawan No. 61','seller'),('Yudha682','Yudha Hutabarat','yudha.hutabarat@gmail.com','bcyHxKG7WZQT','Sejahtera Harapan Kencana No. 81','customer'),('Yuli210','Yuli Setiawan','yuli.setiawan@gmail.com','sr5hm7#ZznKB','Cempaka Mas Cendana No. 54','customer'),('Yuli352','Yuli Ananda','yuli.ananda@gmail.com','N5lg06IIXSXW','Jalan Tirta Melati No. 49','seller'),('Yuli995','Yuli Siregar','yuli.siregar@gmail.com','LYNSYl36f5u#','Cahaya Gemilang Cendana No. 48','seller'),('Yulia746','Yulia Malau','yulia.malau@gmail.com','v1NHxU2Se_96','Jalan Melati Mas No. 32','both'),('Yulia953','Yulia Harahap','yulia.harahap@gmail.com','6zQg1f5_Pf5c','Taman Cahaya Bunga No. 7','seller'),('Yulia966','Yulia Sigalingging','yulia.sigalingging@gmail.com','0tNsw80nznJZ','Gita Gemilang Sumber No. 79','customer'),('Yuni209','Yuni Wibowo','yuni.wibowo@gmail.com','8MouegDyztvh','Taman Pahlawan Raya No. 100','customer'),('Yuni65','Yuni Purba','yuni.purba@gmail.com','u3rvP1GU1ebY','Tirta Anggrek Pahlawan No. 71','customer'),('Yuni986','Yuni Wijaya','yuni.wijaya@gmail.com','QFzBiv0#WUSP','Pandan Kamboja Batu No. 60','customer'),('Yusuf527','Yusuf Siagian','yusuf.siagian@gmail.com','cTuVdqYuS9VR','Gang Kenanga Melati No. 88','customer'),('Yusuf563','Yusuf Butarbutar','yusuf.butarbutar@gmail.com','CM7mJtYcHYyv','Lingkar Cendana Raya No. 68','seller'),('Yusuf845','Yusuf Damanik','yusuf.damanik@gmail.com','HwlZC4A_Dk4N','Rukun Cendana Bukit No. 29','customer'),('Yusuf882','Yusuf Anggraini','yusuf.anggraini@gmail.com','amqGFNcKpR7c','Boulevard Mas Pandawa No. 16','customer'),('Zaenal509','Zaenal Pakpahan','zaenal.pakpahan@gmail.com','eH5ApdnGh_nH','Sejahtera Kenanga Melati No. 85','seller'),('Zaenal988','Zaenal Hutabarat','zaenal.hutabarat@gmail.com','KGUyDIn_Y#OQ','Cendana Kencana Surya No. 11','customer'),('Zahra51','Zahra Barus','zahra.barus@gmail.com','1LjsNoQIst_W','Taman Karang Mutiara No. 22','customer'),('Zahra513','Zahra Mahardika','zahra.mahardika@gmail.com','QsIFGYCGlm3f','Lingkar Sriwijaya Cempaka No. 18','customer'),('Zainal472','Zainal Tamba','zainal.tamba@gmail.com','_Y1SVa8LZkyX','Eka Satria Bintang No. 53','customer'),('Zainal814','Zainal Perangin-angin','zainal.perangin-angin@gmail.com','DDu0dtaJ0YTf','Boulevard Sutera Sejahtera No. 37','customer'),('Zainal889','Zainal Tambunan','zainal.tambunan@gmail.com','mVfrLIDGPAE8','Gemilang Krisna Mawar No. 93','customer'),('Zainal994','Zainal Harianja','zainal.harianja@gmail.com','LZWdQK1iZTKc','Sejahtera Krisna Mangga No. 42','customer'),('Zainudin47','Zainudin Tobing','zainudin.tobing@gmail.com','LmuHPK41OCGs','Rukun Pandawa Cahaya No. 62','customer'),('Zainudin729','Zainudin Lestari','zainudin.lestari@gmail.com','k6bjcP0iWYik','Gita Raya Harapan No. 83','seller'),('Zaki770','Zaki Prasetya','zaki.prasetya@gmail.com','8sPJhxUgI9Rv','Sejahtera Kencana Sriwijaya No. 12','customer'),('Zaki772','Zaki Siallagan','zaki.siallagan@gmail.com','w5HazB_ci3NS','Raya Mangga Cahaya No. 97','both'),('Zaky872','Zaky Sarumpaet','zaky.sarumpaet@gmail.com','EDhRFT6wR0Jl','Kenanga Pahlawan Kenanga No. 82','customer'),('Zamzam388','Zamzam Sihombing','zamzam.sihombing@gmail.com','DzXf0hkGrH4g','Taman Borneo Tirta No. 73','customer'),('Zulfikar236','Zulfikar Putri','zulfikar.putri@gmail.com','JecRPLnryoEQ','Gemilang Sejahtera Harapan No. 74','customer'),('Zulfikar875','Zulfikar Kusuma','zulfikar.kusuma@gmail.com','kTBG1h8YOAkB','Eka Bintang Kencana No. 58','customer');
/*!40000 ALTER TABLE `user` ENABLE KEYS */;
UNLOCK TABLES;

--
-- Table structure for table `user_phone`
--

DROP TABLE IF EXISTS `user_phone`;
/*!40101 SET @saved_cs_client     = @@character_set_client */;
/*!50503 SET character_set_client = utf8mb4 */;
CREATE TABLE `user_phone` (
  `username` varchar(20) NOT NULL,
  `phone_number` varchar(20) NOT NULL,
  PRIMARY KEY (`username`,`phone_number`),
  CONSTRAINT `user_phone_ibfk_1` FOREIGN KEY (`username`) REFERENCES `user` (`username`)
) ENGINE=InnoDB DEFAULT CHARSET=utf8mb4 COLLATE=utf8mb4_0900_ai_ci;
/*!40101 SET character_set_client = @saved_cs_client */;

--
-- Dumping data for table `user_phone`
--

LOCK TABLES `user_phone` WRITE;
/*!40000 ALTER TABLE `user_phone` DISABLE KEYS */;
INSERT INTO `user_phone` VALUES ('Agus140','(+62)846-1406-8000'),('Agus140','(+62)858-9157-1498'),('Agus178','(+62)873-0529-8289'),('Agus178','(+62)880-6802-7304'),('Agus190','(+62)844-2456-9435'),('Agus190','(+62)898-2134-5119'),('Agus563','(+62)891-0228-4480'),('Agus563','(+62)892-4531-3517'),('Agus666','(+62)877-9310-2377'),('Agus666','(+62)888-4780-3681'),('Agus746','(+62)837-0273-6443'),('Agus746','(+62)845-9609-0218'),('Agus9','(+62)848-2769-4106'),('Agus9','(+62)881-1801-6541'),('Ajeng377','(+62)851-9544-2721'),('Ajeng377','(+62)853-2470-1554'),('Ajeng491','(+62)830-1737-1943'),('Ajeng491','(+62)867-4785-5531'),('Ajeng943','(+62)841-5536-1325'),('Ajeng943','(+62)870-1383-2809'),('Aldi557','(+62)831-1854-3551'),('Aldi557','(+62)849-7519-8270'),('Aldi880','(+62)880-7979-8688'),('Aldi880','(+62)885-1886-9270'),('Alfian559','(+62)813-5013-9575'),('Alfian559','(+62)828-4945-1513'),('Alfian633','(+62)837-0217-2979'),('Alfian633','(+62)872-3468-8401'),('Alvin402','(+62)825-6138-2479'),('Alvin402','(+62)827-0959-6334'),('Alvin747','(+62)838-4655-0191'),('Alvin747','(+62)852-2601-5220'),('Amalia604','(+62)843-1845-4608'),('Amalia604','(+62)851-6247-2268'),('Andi462','(+62)819-6608-7573'),('Andi462','(+62)867-3128-4554'),('Andi665','(+62)810-1172-7362'),('Andi665','(+62)885-6795-2799'),('Arif193','(+62)847-4946-1798'),('Arif193','(+62)852-5503-3350'),('Arif478','(+62)837-9120-8483'),('Arif478','(+62)875-8407-4678'),('Arif877','(+62)846-1543-4994'),('Arif877','(+62)849-3890-6938'),('Aris205','(+62)827-4649-0156'),('Aris205','(+62)846-3687-4939'),('Aris710','(+62)839-5035-2950'),('Aris710','(+62)876-1093-0545'),('Aris747','(+62)830-2057-6290'),('Aris747','(+62)867-3659-2336'),('Bagus584','(+62)818-3356-5410'),('Bagus584','(+62)856-5199-0193'),('Bambang564','(+62)849-1332-9066'),('Bambang564','(+62)870-4359-7571'),('Bambang755','(+62)826-6962-5512'),('Bambang755','(+62)844-5492-8653'),('Bayu590','(+62)852-2311-7019'),('Bayu590','(+62)893-4061-7944'),('Beby464','(+62)811-6648-6600'),('Beby464','(+62)883-0335-2557'),('Beby707','(+62)827-4865-8870'),('Beby707','(+62)832-5932-0844'),('Beby940','(+62)819-3913-8244'),('Beby940','(+62)856-6816-8690'),('Benny25','(+62)830-4698-0911'),('Benny25','(+62)860-5112-0916'),('Benny574','(+62)814-2471-3882'),('Benny574','(+62)831-3370-0440'),('Benny981','(+62)842-5036-1716'),('Benny981','(+62)852-3866-0134'),('Berlian801','(+62)820-1132-2428'),('Berlian801','(+62)895-3684-4868'),('Berlian9','(+62)827-7913-2377'),('Berlian9','(+62)844-3012-6789'),('Cahya356','(+62)830-5480-3376'),('Cahya356','(+62)897-5180-4925'),('Cahya389','(+62)812-4243-6544'),('Cahya389','(+62)897-9319-3666'),('Chandra108','(+62)816-4589-1584'),('Chandra108','(+62)856-6597-0403'),('Chandra374','(+62)866-3421-9259'),('Chandra374','(+62)873-0143-2026'),('Chandra859','(+62)842-2106-8194'),('Chandra859','(+62)890-7145-7406'),('Chika990','(+62)824-0412-6995'),('Chika990','(+62)885-8576-5937'),('Cindy402','(+62)885-4494-1612'),('Cindy402','(+62)893-0131-8337'),('Cindy974','(+62)822-3189-4876'),('Cindy974','(+62)846-5501-9689'),('Cinta43','(+62)830-0561-2666'),('Cinta43','(+62)832-8848-5252'),('Cinta529','(+62)855-7759-7200'),('Cinta529','(+62)869-6643-3989'),('Cinta68','(+62)848-3682-4612'),('Cinta68','(+62)865-2508-4937'),('Cinta833','(+62)822-1080-3540'),('Cinta833','(+62)853-5571-8463'),('Cinta85','(+62)840-7684-9037'),('Cinta85','(+62)861-4897-9844'),('Citra116','(+62)816-3759-3220'),('Citra116','(+62)870-6952-3937'),('Citra226','(+62)828-2389-6924'),('Citra226','(+62)878-1625-1018'),('Citra380','(+62)810-1110-3140'),('Citra380','(+62)815-6448-0468'),('Citra549','(+62)839-5716-4247'),('Citra549','(+62)872-3433-4860'),('Citra690','(+62)840-6689-5063'),('Citra690','(+62)875-3986-9082'),('Citra692','(+62)871-2817-4293'),('Citra692','(+62)874-4242-7929'),('Citra778','(+62)841-0454-5543'),('Citra778','(+62)861-2083-7150'),('Citra872','(+62)832-4073-3289'),('Citra872','(+62)873-5135-0516'),('Citra935','(+62)845-6892-0593'),('Citra935','(+62)866-1913-2419'),('Clara386','(+62)810-6652-5435'),('Clara386','(+62)847-0971-7320'),('Clara550','(+62)894-4875-4257'),('Clara550','(+62)894-8349-0972'),('Clara863','(+62)836-1566-6407'),('Clara863','(+62)867-9018-3319'),('Dani308','(+62)834-2391-8589'),('Dani308','(+62)867-6479-8553'),('Dani547','(+62)854-2614-7946'),('Dani547','(+62)856-6905-9758'),('Dani657','(+62)833-3934-7585'),('Dani657','(+62)892-9574-9290'),('Dani918','(+62)850-4639-3338'),('Dani918','(+62)858-7340-9823'),('Daniar530','(+62)815-0036-1659'),('Daniar530','(+62)832-0488-9795'),('Daniar727','(+62)863-8908-2501'),('Daniar727','(+62)887-6699-9416'),('Darmawan103','(+62)810-6037-4340'),('Darmawan103','(+62)815-1985-2075'),('Darmawan625','(+62)868-0896-3362'),('Darmawan625','(+62)883-1482-2250'),('Darmawan737','(+62)827-6477-0983'),('Darmawan737','(+62)853-7587-6433'),('Darmawan759','(+62)817-2844-4464'),('Darmawan759','(+62)841-0387-6439'),('David993','(+62)816-0037-0980'),('David993','(+62)846-8756-0045'),('Desta377','(+62)827-2172-1812'),('Desta377','(+62)899-0444-9920'),('Desta48','(+62)835-3620-3173'),('Desta48','(+62)843-6132-9552'),('Desta695','(+62)834-0873-4163'),('Desta695','(+62)879-1243-3466'),('Devi119','(+62)824-5127-9101'),('Devi119','(+62)824-5445-2153'),('Devi17','(+62)832-6007-6500'),('Devi17','(+62)885-2885-1945'),('Devi492','(+62)811-6067-2828'),('Devi492','(+62)898-1770-1015'),('Dewi15','(+62)850-8151-9962'),('Dewi15','(+62)862-7221-4410'),('Dewi481','(+62)830-1133-6166'),('Dewi481','(+62)849-5066-6185'),('Dewi642','(+62)821-6220-2102'),('Dewi642','(+62)888-2520-0762'),('Dian372','(+62)817-8449-3088'),('Dian372','(+62)881-1038-1171'),('Dian688','(+62)876-0190-3588'),('Dian688','(+62)892-7565-1002'),('Dian99','(+62)812-2521-4853'),('Dian99','(+62)854-1122-0306'),('Dwi118','(+62)818-0107-7154'),('Dwi118','(+62)832-1494-1380'),('Dwi550','(+62)819-9992-6956'),('Dwi550','(+62)851-6595-1211'),('Dwi915','(+62)843-8008-8380'),('Dwi915','(+62)898-4746-3530'),('Eko615','(+62)861-2288-7727'),('Eko615','(+62)869-3961-9014'),('Eko668','(+62)848-1416-5965'),('Eko668','(+62)894-4993-9464'),('Elang736','(+62)863-3899-3765'),('Elang736','(+62)877-0007-0589'),('Elang924','(+62)848-8945-0968'),('Elang924','(+62)878-4294-4889'),('Ella233','(+62)832-9515-0584'),('Ella233','(+62)893-1992-4938'),('Ella385','(+62)825-7769-6044'),('Ella385','(+62)851-9382-8465'),('Emir699','(+62)858-5172-6248'),('Emir699','(+62)883-3157-4497'),('Erlangga129','(+62)826-7906-5664'),('Erlangga129','(+62)881-3241-8052'),('Erlangga133','(+62)874-8278-4527'),('Erlangga133','(+62)888-1014-3315'),('Erlangga838','(+62)820-2202-7519'),('Erlangga838','(+62)831-1390-8764'),('Erna534','(+62)873-0787-0761'),('Erna534','(+62)887-1473-8762'),('Erna671','(+62)836-9078-4237'),('Erna671','(+62)860-9328-7479'),('Erna934','(+62)817-1148-8558'),('Erna934','(+62)853-0845-6187'),('Erna937','(+62)810-6047-3970'),('Erna937','(+62)831-3155-0863'),('Evi30','(+62)813-7178-2329'),('Evi30','(+62)868-3578-1325'),('Evi443','(+62)818-2471-0130'),('Evi443','(+62)824-1546-6615'),('Evi569','(+62)888-6851-5636'),('Evi569','(+62)899-0057-4890'),('Evi716','(+62)822-3386-4701'),('Evi716','(+62)879-1142-6730'),('Evi946','(+62)830-7238-2032'),('Evi946','(+62)853-9499-1317'),('Fahmi329','(+62)879-0525-2439'),('Fahmi329','(+62)890-5072-7396'),('Fahri120','(+62)879-5095-8780'),('Fahri120','(+62)889-5302-5228'),('Fahri398','(+62)815-0685-4160'),('Fahri398','(+62)842-3757-8637'),('Fahri720','(+62)821-2001-5783'),('Fahri720','(+62)861-4755-7562'),('Fajar616','(+62)838-9496-5939'),('Fajar616','(+62)848-9234-9266'),('Fani363','(+62)813-9641-0307'),('Fani363','(+62)827-5098-9003'),('Fani698','(+62)813-8564-4515'),('Fani698','(+62)851-1322-8706'),('Fani805','(+62)824-8522-0610'),('Fani805','(+62)832-7622-6561'),('Farhan180','(+62)855-5764-8101'),('Farhan180','(+62)878-4552-1710'),('Farhan263','(+62)833-4670-2909'),('Farhan263','(+62)854-5137-8252'),('Farhan44','(+62)815-3204-9535'),('Farhan44','(+62)831-4805-0163'),('Farhan645','(+62)835-6601-4298'),('Farhan645','(+62)856-3205-8082'),('Fatimah839','(+62)826-0577-5625'),('Fatimah839','(+62)867-2966-4220'),('Fikri12','(+62)875-8142-5612'),('Fikri12','(+62)897-3998-9758'),('Fikri222','(+62)866-2270-8505'),('Fikri222','(+62)884-0591-2121'),('Fikri947','(+62)861-2499-9378'),('Fikri947','(+62)894-5878-1839'),('Firman246','(+62)814-7108-8895'),('Firman246','(+62)859-9674-3642'),('Fitra626','(+62)842-1423-8438'),('Fitra626','(+62)850-0107-4557'),('Galih23','(+62)823-2051-3991'),('Galih23','(+62)832-3504-6262'),('Galih295','(+62)810-9636-9153'),('Galih295','(+62)856-8178-6454'),('Galih823','(+62)876-5738-0126'),('Galih823','(+62)877-0918-7077'),('Galuh104','(+62)825-5578-7811'),('Galuh104','(+62)859-5947-2595'),('Gavin36','(+62)861-5398-1036'),('Gavin36','(+62)890-1871-9376'),('Gavin417','(+62)830-6055-4909'),('Gavin417','(+62)835-5010-0773'),('Gavin737','(+62)840-4071-1068'),('Gavin737','(+62)851-9403-5984'),('Genta118','(+62)844-8433-8734'),('Genta118','(+62)848-6379-4528'),('Genta332','(+62)821-8378-9373'),('Genta332','(+62)827-7652-1280'),('Genta717','(+62)829-7013-1502'),('Genta717','(+62)841-6104-8091'),('Genta728','(+62)827-7542-4685'),('Genta728','(+62)838-2558-4732'),('Genta730','(+62)858-1416-3646'),('Genta730','(+62)868-2980-6714'),('Gilang152','(+62)839-7039-6228'),('Gilang152','(+62)861-7882-9117'),('Gilang527','(+62)816-7126-3090'),('Gilang527','(+62)819-7183-8123'),('Gilang532','(+62)818-9764-1234'),('Gilang532','(+62)899-7694-2641'),('Gilang585','(+62)829-5847-1968'),('Gilang585','(+62)894-8131-4067'),('Gilang937','(+62)831-8351-4497'),('Gilang937','(+62)836-3224-7676'),('Gina342','(+62)855-0887-1722'),('Gina342','(+62)865-7739-3764'),('Gina64','(+62)813-1898-8435'),('Gina64','(+62)822-7481-0666'),('Gina788','(+62)815-0777-1774'),('Gina788','(+62)817-5955-6114'),('Gina906','(+62)814-9386-3203'),('Gina906','(+62)831-9282-5186'),('Gina996','(+62)861-7568-9500'),('Gina996','(+62)882-9505-2765'),('Gita270','(+62)821-8507-9644'),('Gita270','(+62)861-5365-4778'),('Gita480','(+62)855-5603-4073'),('Gita480','(+62)884-6502-5275'),('Gita616','(+62)855-1321-3581'),('Gita616','(+62)870-5884-8037'),('Gita666','(+62)842-9329-2576'),('Gita666','(+62)852-0261-7228'),('Gusti29','(+62)849-6689-7982'),('Gusti29','(+62)868-8867-9301'),('Gusti805','(+62)889-9563-8242'),('Gusti805','(+62)891-5563-6221'),('Gusti813','(+62)858-9516-8953'),('Gusti813','(+62)867-6278-4370'),('Habib167','(+62)838-3528-7568'),('Habib167','(+62)885-8496-9865'),('Habib245','(+62)887-2624-3722'),('Habib245','(+62)895-9964-4551'),('Habib432','(+62)881-2417-9495'),('Habib432','(+62)885-1299-0884'),('Habib473','(+62)884-1944-9940'),('Habib473','(+62)893-3891-0629'),('Habib666','(+62)859-5511-0195'),('Habib666','(+62)870-4985-0474'),('Habib692','(+62)853-6798-6897'),('Habib692','(+62)882-7269-1367'),('Hadi224','(+62)815-9914-6368'),('Hadi224','(+62)831-3462-3914'),('Hadi230','(+62)812-0401-3242'),('Hadi230','(+62)823-9546-7382'),('Hadi372','(+62)833-5202-6264'),('Hadi372','(+62)843-2705-8758'),('Hanafi254','(+62)827-7324-1122'),('Hanafi254','(+62)828-4300-9503'),('Hanafi291','(+62)856-8321-3489'),('Hanafi291','(+62)890-2003-0339'),('Hanafi516','(+62)833-5111-3344'),('Hanafi516','(+62)889-3634-6999'),('Hanafi540','(+62)854-1808-6258'),('Hanafi540','(+62)863-9659-1870'),('Harun473','(+62)864-3855-2432'),('Harun473','(+62)878-6924-9700'),('Harun554','(+62)844-9095-9735'),('Harun554','(+62)878-5253-0384'),('Harun685','(+62)816-8559-5989'),('Harun685','(+62)826-7452-7470'),('Hendra294','(+62)842-5207-2170'),('Hendra294','(+62)872-3940-7383'),('Hendra50','(+62)853-4785-7584'),('Hendra50','(+62)868-8449-4976'),('Hendra601','(+62)831-9504-3293'),('Hendra601','(+62)882-6078-2877'),('Hendra748','(+62)847-2854-6933'),('Hendra748','(+62)857-5598-7391'),('Hendri894','(+62)831-5896-9655'),('Hendri894','(+62)860-8398-7355'),('Heri901','(+62)810-4589-5779'),('Heri901','(+62)860-4259-7804'),('Ida352','(+62)855-5702-9366'),('Ida352','(+62)864-6659-0851'),('Ida698','(+62)812-8914-7153'),('Ida698','(+62)830-5405-8046'),('Ida907','(+62)839-2729-7661'),('Ida907','(+62)857-9660-6559'),('Imam195','(+62)855-5526-3807'),('Imam195','(+62)893-6977-9970'),('Imam383','(+62)812-2611-2254'),('Imam383','(+62)893-0957-9278'),('Imam888','(+62)810-1312-6664'),('Imam888','(+62)854-9583-6100'),('Indra394','(+62)815-1437-6211'),('Indra394','(+62)831-6508-4395'),('Indra431','(+62)884-3733-3834'),('Indra431','(+62)897-7956-0598'),('Indra445','(+62)844-0665-2146'),('Indra445','(+62)892-6577-9422'),('Indra796','(+62)830-4639-3774'),('Indra796','(+62)860-4710-4214'),('Indra896','(+62)816-6524-0179'),('Indra896','(+62)899-0304-2731'),('Intan157','(+62)816-5862-1330'),('Intan157','(+62)895-8437-6291'),('Intan734','(+62)824-5727-5559'),('Intan734','(+62)827-9975-8894'),('Intan942','(+62)824-8569-7522'),('Intan942','(+62)889-8792-3660'),('Irfan491','(+62)834-0662-2350'),('Irfan491','(+62)890-6108-8180'),('Irfan874','(+62)850-7749-1873'),('Irfan874','(+62)858-0580-2186'),('Irma145','(+62)822-9155-2086'),('Irma145','(+62)828-9136-0670'),('Irma450','(+62)826-6432-6960'),('Irma450','(+62)878-3845-4771'),('Irma780','(+62)852-2393-9207'),('Irma780','(+62)861-3541-2904'),('Irwan590','(+62)852-7082-0053'),('Irwan590','(+62)898-3101-3707'),('Irwan994','(+62)853-6684-1533'),('Irwan994','(+62)875-1688-3964'),('Irwan999','(+62)848-4770-5252'),('Irwan999','(+62)869-3769-4547'),('Ismail384','(+62)868-4873-8118'),('Ismail384','(+62)878-0144-7463'),('Ismail991','(+62)813-6948-8038'),('Ismail991','(+62)874-9426-3198'),('Ita263','(+62)826-6032-5697'),('Ita59','(+62)831-3345-8824'),('Ita746','(+62)895-6845-6329'),('Janu312','(+62)879-6547-3249'),('Janu522','(+62)843-0412-6315'),('Jimmy402','(+62)845-2614-0410'),('Jimmy658','(+62)895-4556-0105'),('Johan27','(+62)870-5792-6740'),('Johan365','(+62)818-5647-1263'),('Johan438','(+62)867-1565-2845'),('Johan508','(+62)869-3833-0657'),('Johan510','(+62)875-5052-9053'),('Johan810','(+62)872-8775-6311'),('Joko216','(+62)835-6739-2853'),('Joko45','(+62)819-5032-3633'),('Joko475','(+62)816-6176-3415'),('Joko524','(+62)872-2958-8254'),('Joko556','(+62)890-6566-5426'),('Joko599','(+62)892-5838-9822'),('Joko78','(+62)882-3431-3731'),('Julian75','(+62)899-2707-9576'),('Julian763','(+62)899-7696-7805'),('Julian981','(+62)827-0853-4063'),('Kanaya110','(+62)850-5617-0751'),('Kanaya441','(+62)857-2223-7745'),('Kartika157','(+62)838-6922-9638'),('Kartika29','(+62)839-8103-7824'),('Kartika68','(+62)839-5749-3642'),('Ken1000','(+62)869-4856-4323'),('Ken375','(+62)823-6962-3996'),('Ken773','(+62)833-3634-7163'),('Ken883','(+62)852-3994-4407'),('Kiki243','(+62)812-6434-4629'),('Kiki379','(+62)849-6717-6297'),('Kiki611','(+62)854-8070-8378'),('Krisna475','(+62)881-8457-1110'),('Krisna643','(+62)881-9215-7962'),('Kurnia189','(+62)836-0972-3917'),('Kurnia309','(+62)871-1803-1853'),('Lestari179','(+62)836-0967-0145'),('Lestari629','(+62)814-8001-3006'),('Lestari632','(+62)831-4279-8480'),('Lestari638','(+62)883-9031-2121'),('Lestari922','(+62)873-0768-3232'),('Lia28','(+62)876-5185-5740'),('Lia429','(+62)810-7103-1627'),('Lia781','(+62)873-2315-3141'),('Lia992','(+62)817-1630-6550'),('Lina659','(+62)887-8012-6672'),('Lina768','(+62)870-0310-5101'),('Linda152','(+62)840-6818-1460'),('Linda529','(+62)895-6119-5244'),('Linda72','(+62)867-4291-6524'),('Luki274','(+62)830-4475-7912'),('Luki331','(+62)810-3041-1874'),('Luki643','(+62)854-6683-7286'),('Luki644','(+62)838-1392-2934'),('Made397','(+62)836-9034-6404'),('Made734','(+62)875-8521-6994'),('Manuela544','(+62)816-2095-7475'),('Manuela602','(+62)850-8341-3209'),('Maria394','(+62)847-9486-5977'),('Maria550','(+62)850-6286-2050'),('Maya103','(+62)825-0299-1540'),('Mega114','(+62)851-7914-0751'),('Mega225','(+62)894-1178-9904'),('Mega717','(+62)888-1059-0692'),('Mega979','(+62)829-5004-9694'),('Melati496','(+62)844-7186-5823'),('Melati788','(+62)812-8091-0153'),('Melly374','(+62)897-8850-7364'),('Meylani562','(+62)819-8367-9911'),('Meylani651','(+62)850-7588-4893'),('Miko165','(+62)885-9251-7628'),('Miko538','(+62)890-7426-8447'),('Miko842','(+62)833-8243-2227'),('Nabila941','(+62)897-6752-5233'),('Nabila987','(+62)824-0407-8030'),('Nanda306','(+62)821-7397-0083'),('Nanda320','(+62)881-8508-6781'),('Nanda376','(+62)891-9708-3809'),('Nanda40','(+62)889-6672-5750'),('Nanda705','(+62)849-8990-4783'),('Nanda751','(+62)858-8415-3315'),('Nia142','(+62)871-7263-5413'),('Nia326','(+62)867-1400-6525'),('Novi332','(+62)846-4687-5345'),('Novi55','(+62)828-1605-9039'),('Novi809','(+62)838-4003-2142'),('Novianti855','(+62)879-2842-2012'),('Nur146','(+62)886-6579-5051'),('Nur376','(+62)867-5109-6973'),('Nur774','(+62)853-4296-5366'),('Nur793','(+62)890-6451-0027'),('Nurul405','(+62)847-1849-4768'),('Nurul591','(+62)866-7690-8078'),('Octa432','(+62)885-8550-8380'),('Octa559','(+62)855-1967-9325'),('Octa593','(+62)866-3627-6834'),('Octa812','(+62)820-0438-6925'),('Octa845','(+62)870-6309-7937'),('Octa9','(+62)841-9111-7031'),('Octa972','(+62)858-1998-4073'),('Oka516','(+62)826-6151-7026'),('Oki516','(+62)825-0270-9411'),('Oki582','(+62)894-9098-2047'),('Oktavia0','(+62)879-3312-7383'),('Oktavia516','(+62)824-2867-6052'),('Oktavia680','(+62)888-7886-9967'),('Oktavia877','(+62)899-2261-7417'),('Oktaviani340','(+62)881-4238-7510'),('Olivia133','(+62)867-8112-6844'),('Ovi636','(+62)818-8501-3269'),('Ovi705','(+62)871-3880-8605'),('Ovi979','(+62)815-7296-9697'),('Poppy231','(+62)827-9618-2148'),('Pratama258','(+62)878-0468-3084'),('Pratama820','(+62)837-9323-2394'),('Prima658','(+62)892-4343-8782'),('Prima722','(+62)822-5096-3606'),('Priska799','(+62)810-7255-5427'),('Purnama746','(+62)897-1763-6917'),('Purnama913','(+62)897-0258-9812'),('Putra557','(+62)868-7936-4638'),('Putra584','(+62)842-8645-5533'),('Putri154','(+62)868-4993-4062'),('Putri207','(+62)811-3169-9256'),('Putri216','(+62)848-4176-4608'),('Putri298','(+62)870-2876-4722'),('Putri329','(+62)892-4558-7768'),('Putri569','(+62)840-2240-5940'),('Putri57','(+62)818-1776-2977'),('Putri572','(+62)877-2531-8535'),('Putri583','(+62)848-2155-2283'),('Putri734','(+62)849-1052-7376'),('Putri789','(+62)877-4272-7159'),('Putri859','(+62)865-8001-8433'),('Qiana395','(+62)898-8845-8156'),('Qiana792','(+62)817-4857-0841'),('Qori626','(+62)886-3182-2290'),('Rahman308','(+62)877-9703-7736'),('Rahman466','(+62)835-7672-6748'),('Rahmat356','(+62)888-4408-8808'),('Rahmat426','(+62)865-7453-4899'),('Rahmat563','(+62)861-3811-6138'),('Rama777','(+62)829-0092-4888'),('Rama938','(+62)899-3658-8840'),('Ratih756','(+62)858-9851-3671'),('Ratih899','(+62)845-6991-0870'),('Rendy735','(+62)840-8784-7484'),('Rian701','(+62)841-3028-3810'),('Rian711','(+62)879-2377-4796'),('Rian807','(+62)842-1592-4784'),('Rifqi387','(+62)819-3045-6336'),('Rifqi416','(+62)888-9941-9960'),('Rifqi750','(+62)898-1527-7175'),('Rifqi874','(+62)826-7572-4511'),('Rio190','(+62)858-2865-7894'),('Rio259','(+62)838-1734-5019'),('Rio43','(+62)850-2464-0311'),('Rio825','(+62)832-6802-4370'),('Sari11','(+62)835-6257-0329'),('Sari258','(+62)879-3176-1889'),('Sari375','(+62)832-3401-0361'),('Sari694','(+62)821-0505-6181'),('Sari773','(+62)894-5418-3431'),('Sari803','(+62)827-4775-2840'),('Shinta316','(+62)879-7896-3252'),('Shinta782','(+62)876-5898-6386'),('Shinta873','(+62)867-2359-4407'),('Shinta880','(+62)813-7345-6479'),('Shinta924','(+62)822-9219-0567'),('Silvia800','(+62)811-3874-6380'),('Silvia910','(+62)811-5034-5458'),('Sinta420','(+62)854-9665-7763'),('Sinta580','(+62)859-2153-6662'),('Siti313','(+62)841-7695-7564'),('Siti571','(+62)879-0202-7245'),('Siti878','(+62)839-8823-1617'),('Sonny610','(+62)875-5992-6268'),('Sonny68','(+62)810-8545-3086'),('Stefan112','(+62)847-2796-2746'),('Stefan168','(+62)818-2925-4525'),('Stefan350','(+62)890-4499-2657'),('Stefan591','(+62)838-8621-7589'),('Stefan909','(+62)840-5369-1093'),('Surya267','(+62)839-4279-4791'),('Surya614','(+62)884-6869-6870'),('Surya867','(+62)880-5540-3128'),('Surya893','(+62)889-2274-2850'),('Surya896','(+62)837-1969-4033'),('Syifa15','(+62)842-9903-4035'),('Syifa415','(+62)848-1727-1524'),('Syifa816','(+62)876-9190-3510'),('Tasya538','(+62)895-5991-1153'),('Taufik230','(+62)858-2295-7382'),('Taufik230','(+62)867-7137-3367'),('Taufik359','(+62)818-2695-7390'),('Taufik376','(+62)829-6877-1454'),('Taufik417','(+62)819-7949-6787'),('Taufik498','(+62)811-9383-7726'),('Taufik791','(+62)859-9212-6769'),('Teguh611','(+62)884-9610-6297'),('Teguh791','(+62)840-0558-0548'),('Teguh833','(+62)846-0115-4598'),('Tia623','(+62)879-7430-8423'),('Tri280','(+62)844-5197-7173'),('Tri417','(+62)890-4281-5789'),('Tyas532','(+62)870-2307-3170'),('Tyas636','(+62)864-6742-1612'),('Tyas807','(+62)815-6844-5313'),('Udin130','(+62)827-1704-6126'),('Udin412','(+62)815-5399-3815'),('Udin821','(+62)872-8705-1577'),('Ujang65','(+62)869-6849-6756'),('Ujang849','(+62)819-5707-2098'),('Ujang856','(+62)846-9694-4073'),('Ujang884','(+62)820-0295-0001'),('Ulfa67','(+62)869-2996-0090'),('Ulfa751','(+62)854-2276-6603'),('Umar695','(+62)832-2710-7290'),('Umar839','(+62)840-6959-4191'),('Umi419','(+62)857-3503-3389'),('Umi810','(+62)852-1473-4030'),('Usman169','(+62)839-5833-5311'),('Usman651','(+62)886-5484-7547'),('Usman686','(+62)817-5028-4467'),('Utami207','(+62)865-8576-3524'),('Utami224','(+62)821-0504-5790'),('Utami772','(+62)827-5288-0186'),('Utami859','(+62)853-6704-3291'),('Veri517','(+62)858-7054-7295'),('Veri792','(+62)827-8237-9448'),('Veronica303','(+62)895-6520-1614'),('Vidya390','(+62)871-1483-5792'),('Vidya448','(+62)895-0089-3808'),('Vina651','(+62)858-0212-2337'),('Vina775','(+62)861-3806-2287'),('Vino199','(+62)891-9996-7402'),('Vino304','(+62)890-6461-2694'),('Vino612','(+62)868-8291-7050'),('Vino955','(+62)838-3942-2934'),('Vita254','(+62)849-5094-5949'),('Vivi475','(+62)833-3424-7599'),('Wahid595','(+62)856-0586-2189'),('Wahyu292','(+62)840-8985-0512'),('Wahyu319','(+62)867-7755-5187'),('Wahyu375','(+62)888-7983-4172'),('Wahyu420','(+62)822-2002-3661'),('Wahyu948','(+62)813-8803-0559'),('Wahyu953','(+62)891-4768-4608'),('Wanda187','(+62)878-3200-2686'),('Wanda296','(+62)897-7948-5688'),('Wanda969','(+62)892-2498-3284'),('Wawan185','(+62)899-9236-1552'),('Wawan566','(+62)822-7574-0006'),('Wawan950','(+62)879-4321-1651'),('Widya984','(+62)879-7528-5986'),('Wulan376','(+62)836-9072-5572'),('Yanto692','(+62)833-1552-6649'),('Yanto77','(+62)872-5356-8165'),('Yanto884','(+62)827-7958-2474'),('Yohana32','(+62)816-2000-2803'),('Yona355','(+62)892-3030-1893'),('Yona916','(+62)816-3246-3721'),('Yuda153','(+62)818-8051-7100'),('Yuda613','(+62)867-9347-6346'),('Yuda892','(+62)850-6726-4011'),('Yuda930','(+62)868-7751-5402'),('Yudha491','(+62)836-0920-4848'),('Yudha682','(+62)836-8164-2797'),('Yuli210','(+62)876-6145-3499'),('Yuli352','(+62)849-5900-3818'),('Yuli995','(+62)816-7276-3279'),('Yulia746','(+62)820-8745-0185'),('Yulia953','(+62)847-4620-5581'),('Yulia966','(+62)811-6265-1334'),('Yuni209','(+62)876-8812-8778'),('Yuni65','(+62)881-2515-8131'),('Yuni986','(+62)842-8020-3839'),('Yusuf527','(+62)842-8417-6569'),('Yusuf563','(+62)815-6925-7204'),('Yusuf845','(+62)819-0093-1615'),('Yusuf882','(+62)888-2124-6203'),('Zaenal509','(+62)893-4579-0322'),('Zaenal988','(+62)815-2352-3092'),('Zahra51','(+62)892-8237-2562'),('Zahra513','(+62)874-7805-8348'),('Zainal472','(+62)869-8680-3292'),('Zainal814','(+62)889-9565-6959'),('Zainal889','(+62)824-8540-4071'),('Zainal994','(+62)827-5892-1373'),('Zainudin47','(+62)813-4723-8499'),('Zainudin729','(+62)856-2797-7610'),('Zaki770','(+62)854-4254-5962'),('Zaki772','(+62)810-2741-8806'),('Zaky872','(+62)873-3289-3724'),('Zamzam388','(+62)889-1575-2058'),('Zulfikar236','(+62)864-0839-5357'),('Zulfikar875','(+62)843-1204-0630');
/*!40000 ALTER TABLE `user_phone` ENABLE KEYS */;
UNLOCK TABLES;

--
-- Table structure for table `user_rate`
--

DROP TABLE IF EXISTS `user_rate`;
/*!40101 SET @saved_cs_client     = @@character_set_client */;
/*!50503 SET character_set_client = utf8mb4 */;
CREATE TABLE `user_rate` (
  `username` varchar(20) NOT NULL,
  `order_number` int NOT NULL,
  `product_id` varchar(30) NOT NULL,
  `rating` int NOT NULL,
  PRIMARY KEY (`username`,`order_number`,`product_id`),
  KEY `product_id` (`product_id`),
  KEY `order_number` (`order_number`),
  KEY `rating` (`rating`),
  CONSTRAINT `user_rate_ibfk_1` FOREIGN KEY (`product_id`) REFERENCES `product` (`product_id`),
  CONSTRAINT `user_rate_ibfk_2` FOREIGN KEY (`username`) REFERENCES `customer` (`username`),
  CONSTRAINT `user_rate_ibfk_3` FOREIGN KEY (`order_number`) REFERENCES `order_detail` (`order_number`),
  CONSTRAINT `user_rate_ibfk_4` FOREIGN KEY (`rating`) REFERENCES `rate_desc` (`rating`)
) ENGINE=InnoDB DEFAULT CHARSET=utf8mb4 COLLATE=utf8mb4_0900_ai_ci;
/*!40101 SET character_set_client = @saved_cs_client */;

--
-- Dumping data for table `user_rate`
--

LOCK TABLES `user_rate` WRITE;
/*!40000 ALTER TABLE `user_rate` DISABLE KEYS */;
INSERT INTO `user_rate` VALUES ('Alfian559',1,'PK-6588-WM',1),('Bambang564',1,'PL-4209-VP',1),('Dani308',2,'SY-9703-PU',1),('David993',2,'ML-2807-DH',1),('Desta377',1,'DL-3544-DP',1),('Desta48',1,'FD-4134-JC',1),('Evi443',1,'TO-9626-CJ',1),('Genta118',1,'KA-7818-XF',1),('Gilang532',1,'GV-9585-IW',1),('Gina64',1,'ON-5677-IC',1),('Hanafi291',1,'GC-9327-RW',1),('Hendra294',1,'OY-5320-JY',1),('Imam195',2,'VQ-6745-EH',1),('Irfan874',1,'WB-8545-JE',1),('Johan27',1,'BW-4888-NO',1),('Joko556',2,'UH-8403-WV',1),('Joko78',2,'DJ-6314-IV',1),('Joko78',3,'AS-5466-KY',1),('Krisna643',1,'PL-4209-VP',1),('Krisna643',3,'WB-8545-JE',1),('Lia992',3,'AX-1640-RS',1),('Made397',1,'DQ-0513-IA',1),('Made397',2,'JZ-0208-KK',1),('Melly374',1,'NQ-7067-KI',1),('Miko165',2,'YM-8897-BF',1),('Miko842',2,'VZ-6531-FL',1),('Nurul591',2,'JZ-0208-KK',1),('Octa812',1,'OV-4340-AI',1),('Oktavia877',3,'VX-1640-RP',1),('Ovi705',3,'LZ-0356-ON',1),('Prima722',1,'CB-2011-DH',1),('Rahmat356',1,'ZY-6536-TA',1),('Sari803',1,'ZX-5195-LG',1),('Shinta316',2,'UO-5693-AW',1),('Shinta880',3,'HU-6925-CD',1),('Sonny68',2,'FZ-7452-RZ',1),('Stefan112',1,'LZ-0356-ON',1),('Tia623',2,'PW-9406-GW',1),('Umi810',2,'LV-9182-SP',1),('Yusuf845',3,'QD-2052-KM',1),('Zainudin47',3,'OU-8146-BK',1),('Agus9',1,'TU-8813-VC',2),('Arif193',1,'GI-8636-JP',2),('Beby707',2,'HG-7174-YE',2),('Cahya389',1,'HT-6876-OL',2),('Dani918',1,'MX-7927-CS',2),('Fani698',1,'XC-1774-YA',2),('Genta728',1,'SC-5495-GC',2),('Hadi372',1,'HG-3279-IR',2),('Hanafi254',1,'JJ-9798-EH',2),('Hanafi291',1,'GD-8232-XE',2),('Hendra294',2,'FM-0734-GT',2),('Imam195',1,'YK-0695-AS',2),('Imam383',1,'UO-9913-ZF',2),('Indra431',1,'SF-4290-YO',2),('Joko78',1,'TG-3086-TF',2),('Kiki611',1,'YM-0264-DY',2),('Miko538',2,'WM-6679-GZ',2),('Nabila987',1,'RA-2782-NB',2),('Nanda306',1,'GT-8721-PQ',2),('Nurul591',1,'LG-6808-VQ',2),('Oki516',1,'KI-6924-US',2),('Ovi705',2,'VQ-5242-WC',2),('Rian711',1,'FJ-8625-QV',2),('Shinta316',1,'BH-0076-WC',2),('Shinta316',1,'RZ-5970-QC',2),('Sonny68',1,'NJ-1021-FR',2),('Surya893',1,'BE-6205-HI',2),('Surya893',2,'BE-7507-CN',2),('Taufik230',2,'VF-6663-PU',2),('Tri417',2,'QA-4925-UX',2),('Udin821',2,'TL-5378-UD',2),('Umi810',1,'CK-8251-TR',2),('Veronica303',1,'MN-6446-PL',2),('Vina651',2,'KA-7818-XF',2),('Vino304',1,'HP-1766-KR',2),('Vino955',3,'IF-3583-KQ',2),('Wanda296',1,'XZ-7240-UD',2),('Yuda930',2,'HQ-4217-RB',2),('Zaenal988',1,'CH-5310-ZQ',2),('Zainal814',1,'EJ-6341-QJ',2),('Arif478',1,'EH-9330-NL',3),('Cinta833',1,'BW-4888-NO',3),('Desta48',1,'VQ-5242-WC',3),('Elang736',1,'TM-5795-WF',3),('Farhan263',1,'BW-2843-MB',3),('Genta728',2,'VI-5937-LM',3),('Hendra294',1,'VL-9777-HA',3),('Hendri894',1,'RA-2782-NB',3),('Hendri894',2,'PA-7275-IR',3),('Joko78',1,'BZ-0612-ZR',3),('Ken1000',3,'VH-3516-YA',3),('Ken375',1,'ME-5968-TP',3),('Kiki611',1,'LU-2952-LE',3),('Linda529',1,'WX-7137-FT',3),('Linda529',2,'EF-3071-IO',3),('Miko538',1,'NR-2657-RT',3),('Miko842',1,'ZK-3139-YL',3),('Octa559',1,'CA-0641-FJ',3),('Octa972',1,'WC-5089-RB',3),('Oki516',1,'UY-0637-JJ',3),('Oki582',1,'YM-8897-BF',3),('Putri329',1,'SW-9892-CG',3),('Qiana395',1,'DO-3758-JD',3),('Rahman308',1,'BP-3192-PZ',3),('Shinta880',1,'PW-9406-GW',3),('Shinta880',1,'VH-3516-YA',3),('Stefan350',1,'OV-4340-AI',3),('Stefan591',1,'ON-5677-IC',3),('Surya896',1,'CS-2066-NJ',3),('Tia623',1,'HB-1943-FB',3),('Udin821',1,'ON-3626-WC',3),('Vino955',1,'GK-6923-PK',3),('Wahyu375',1,'HT-6876-OL',3),('Yusuf845',2,'TM-5795-WF',3),('Andi665',1,'EB-0180-AD',4),('Bambang564',1,'VQ-6745-EH',4),('Bambang755',1,'FK-1455-IN',4),('Citra935',1,'LL-2195-NH',4),('Clara550',1,'NH-9035-XP',4),('Elang736',2,'QD-2052-KM',4),('Genta118',1,'QH-2849-NV',4),('Habib692',1,'RL-0289-WL',4),('Habib692',1,'RU-1792-QP',4),('Hendri894',3,'HH-6184-HM',4),('Ita59',1,'SC-5495-GC',4),('Joko45',1,'WX-7137-FT',4),('Joko78',2,'VN-6527-KY',4),('Kanaya441',3,'FY-6809-KQ',4),('Kiki611',2,'RN-0168-YN',4),('Nur793',1,'BJ-3280-AW',4),('Nurul591',1,'DQ-0513-IA',4),('Octa432',1,'UQ-9807-MN',4),('Octa972',2,'WX-7342-VH',4),('Oktavia0',1,'CB-2305-OK',4),('Oktavia0',1,'YK-0695-AS',4),('Putri216',1,'HD-8358-WN',4),('Putri329',2,'KS-1913-UW',4),('Stefan909',1,'AX-1640-RS',4),('Surya893',1,'FQ-1440-ZU',4),('Tia623',1,'JX-7578-DV',4),('Ujang856',3,'IE-6078-BJ',4),('Vino955',1,'QI-2688-YK',4),('Yona355',2,'EB-0180-AD',4),('Yusuf845',1,'TO-9626-CJ',4),('Zainal889',1,'NC-0934-BE',4),('Zainal889',2,'NG-6975-CW',4),('Zaky872',1,'RH-2254-OR',4),('Alfian633',1,'WE-5835-RT',5),('Beby464',1,'KR-3696-WW',5),('Beby707',1,'XH-2963-QC',5),('Desta695',1,'WX-7342-VH',5),('Desta695',3,'SW-9892-CG',5),('Farhan263',1,'QA-4925-UX',5),('Genta728',3,'VF-6663-PU',5),('Habib692',1,'MT-7975-OK',5),('Hendra50',1,'JW-3192-DP',5),('Hendri894',2,'QJ-2867-FK',5),('Janu312',1,'AV-6279-PU',5),('Janu312',2,'OG-1207-KG',5),('Johan810',1,'VJ-0953-UE',5),('Joko78',4,'DL-3115-PU',5),('Julian763',1,'SF-2721-EZ',5),('Kiki611',3,'QO-8721-GA',5),('Lia992',2,'HB-1943-FB',5),('Linda152',1,'KG-8027-LL',5),('Linda72',1,'ZN-5968-VP',5),('Linda72',2,'VE-4167-KI',5),('Nur774',1,'UP-6665-NJ',5),('Oktavia877',1,'JP-7720-KB',5),('Oktavia877',1,'PH-4049-DG',5),('Oktavia877',2,'LL-7964-IU',5),('Ovi705',1,'LG-6808-VQ',5),('Putri298',1,'XC-1774-YA',5),('Putri329',1,'HG-7174-YE',5),('Rama777',1,'BE-6205-HI',5),('Shinta873',1,'ED-8795-IO',5),('Siti878',1,'PM-1048-TS',5),('Surya893',1,'VJ-0953-UE',5),('Tri417',1,'VU-6942-UF',5),('Udin821',2,'GK-2455-OZ',5),('Wahyu375',1,'QH-2849-NV',5),('Wahyu375',2,'GI-8636-JP',5),('Yona355',1,'LI-4870-YN',5),('Zainudin47',2,'DE-8563-JV',5);
/*!40000 ALTER TABLE `user_rate` ENABLE KEYS */;
UNLOCK TABLES;

--
-- Table structure for table `user_store`
--

DROP TABLE IF EXISTS `user_store`;
/*!40101 SET @saved_cs_client     = @@character_set_client */;
/*!50503 SET character_set_client = utf8mb4 */;
CREATE TABLE `user_store` (
  `store_name` varchar(20) NOT NULL,
  `username` varchar(20) DEFAULT NULL,
  PRIMARY KEY (`store_name`),
  KEY `username` (`username`),
  CONSTRAINT `user_store_ibfk_1` FOREIGN KEY (`username`) REFERENCES `user` (`username`)
) ENGINE=InnoDB DEFAULT CHARSET=utf8mb4 COLLATE=utf8mb4_0900_ai_ci;
/*!40101 SET character_set_client = @saved_cs_client */;

--
-- Dumping data for table `user_store`
--

LOCK TABLES `user_store` WRITE;
/*!40000 ALTER TABLE `user_store` DISABLE KEYS */;
INSERT INTO `user_store` VALUES ('Santapan Enak','Agus140'),('Aksesoris Cantik','Agus666'),('Aktivitas Kita','Ajeng377'),('Sehat Selalu','Ajeng943'),('Selalu Bersama','Alvin747'),('Aktivitas Pro','Amalia604'),('Semua Murah','Andi462'),('Alat Dapur','Aris710'),('Alat Hebat','Aris747'),('Alat Kantor','Bagus584'),('Seni & Kerajinan','Bambang755'),('Sentosa Jaya','Bayu590'),('Sentuhan Mewah','Beby464'),('Amanah Mart','Benny25'),('Anak Bahagia','Benny574'),('Art & Craft','Berlian801'),('Atlet Aktif','Chika990'),('Serba Murah','Cindy402'),('Serunya Mainan','Cinta43'),('Bahagia Jaya','Cinta529'),('Beaute Essentials','Citra116'),('Belanja Cepat','Citra226'),('Bahagia Store','Citra380'),('Shop & Go','Citra692'),('Batik Nusantara','Citra778'),('Sinar Pagi','Citra935'),('Belanja Ceria','Clara386'),('Sinarnya Abadi','Clara550'),('Bersama Kita','Daniar530'),('Bright Fashion','Darmawan625'),('Bintang Dunia','Darmawan759'),('Buku Unik','Devi119'),('Bugar Selalu','Devi17'),('Cahaya Abadi','Dian688'),('Cahaya Dunia','Dian99'),('Cahaya Pagi','Dwi118'),('Cahaya Gemilang','Dwi915'),('Smart Office','Elang736'),('Cantik Berseri','Elang924'),('Smart Wear','Ella233'),('Ceria Berbelanja','Ella385'),('Citra Perhiasan','Erlangga133'),('Citarasa Nusantara','Erlangga838'),('Creative Mart','Erna934'),('Snack Time','Erna937'),('Dapur Kita','Evi716'),('Dunia Belanja','Fahri120'),('Dekorasi Cantik','Fahri398'),('Solusi Dapur','Farhan645'),('Dunia Mainan','Fikri12'),('Solusi Gadget','Fikri947'),('Dunia Teknologi','Galih23'),('Elektronik Besar','Galuh104'),('Elektronik Modern','Gavin36'),('Elektronika','Gavin417'),('Solusi Rumah','Genta118'),('Emas Elegan','Genta332'),('Family Mart','Gilang585'),('Fashion Forward','Gina906'),('Film Favorit','Gina996'),('Fresh Mart','Gusti805'),('Fitness Pro','Gusti813'),('Gadget Pro','Habib432'),('Gadget Tren','Habib473'),('Gadget Central','Habib666'),('Sport Mania','Hadi372'),('Gaming Zone','Hanafi516'),('Gaya Busana','Harun554'),('Gaya Hunian','Harun685'),('Gaya Luar','Hendra601'),('Gaya Terang','Hendra748'),('Sportivo','Hendri894'),('Gemilang Makmur','Heri901'),('Sumber Makmur','Ida698'),('Sudut Buku','Ida907'),('Super Murah','Imam195'),('Tech Savvy','Indra431'),('Golden Jewelry','Indra896'),('Golden Touch','Intan157'),('Gudang Buku','Intan734'),('Happy Kids','Irfan491'),('Tech World','Irma780'),('Harapan Idaman','Irwan999'),('Hasil Kreasi','Ismail991'),('Healthy Life','Ita263'),('Hiasan Cantik','Johan365'),('Hijabku','Johan508'),('Hidup Sehat','Johan510'),('Hijau Lestari','Joko599'),('Hobi Kita','Julian75'),('Home Solutions','Kanaya110'),('Inspirasi Baru','Kartika157'),('Inovasi Mart','Kartika29'),('Interior Plus','Kiki243'),('Kacamata Tren','Kurnia189'),('Kain Nusantara','Lestari179'),('Karya Seni','Lestari632'),('Kantor Cerdas','Lestari638'),('Keluarga Harmonis','Lia28'),('Kecantikan Kita','Lia429'),('Kerajaan Mainan','Lia781'),('Kerudungku','Lina768'),('Teknologi Canggih','Luki643'),('Kilau Perhiasan','Luki644'),('Komputer Center','Manuela544'),('Koleksi Buku','Manuela602'),('Kreasi Cantik','Maria550'),('Kreasi Indah','Maya103'),('Teknologi Terkini','Mega114'),('Kreasi Seni','Mega225'),('Kuliner Kita','Mega979'),('Kuliner Sahabat','Melati496'),('Tempat Anak','Melati788'),('Toko Amanah','Miko842'),('Langkah Gaya','Nanda705'),('Lestari Indah','Nia326'),('Mainan Seru','Novi332'),('Makan Enak','Nur146'),('Toko Bahagia','Nurul591'),('Toko Hijau','Octa845'),('Makanan Favorit','Octa9'),('Toko Idaman','Oka516'),('Makanan Kita','Oktavia680'),('Makmur Sejahtera','Ovi979'),('Mebel Impian','Pratama258'),('Toko Kreatif','Pratama820'),('Toko Mandiri','Prima658'),('Mega Elektronik','Purnama746'),('Mega Supermarket','Putra584'),('Mitra Kuliner','Putri154'),('Toko Segar','Putri216'),('Menu Favorit','Putri569'),('Mitra Sejahtera','Putri789'),('Tontonan Favorit','Putri859'),('Modern Home','Qori626'),('Toys Kingdom','Rahmat356'),('Murah Maksimal','Rahmat426'),('Optik Vision','Rahmat563'),('Optima Optik','Ratih756'),('Outdoor Life','Rian807'),('Outlet Fashion','Rifqi387'),('Outlet Gaya','Rifqi416'),('Travel Gear','Rifqi750'),('Pasar Besar','Rio259'),('Pakaian Cerdas','Rio43'),('Pandangan Optik','Rio825'),('Pasar Tradisi','Sari11'),('Pasar Swalayan','Sari375'),('Penggila Olahraga','Shinta782'),('Trend Busana','Shinta880'),('Penglihatan Optimal','Shinta924'),('Perabot Impian','Sinta420'),('Peralatan Kantor','Sonny610'),('Peralatan Modern','Surya267'),('Trend Center','Surya867'),('Trend Elektronik','Surya893'),('Trend Optik','Syifa415'),('Peralatan Perjalanan','Tasya538'),('Perkakas Hebat','Taufik230'),('Tulisan Favorit','Taufik230'),('Perlengkapan Dapur','Teguh791'),('Perlengkapan Hewan','Tyas807'),('Perpustakaan Ilmu','Udin130'),('Tulisanku','Ujang856'),('Pesona Berseri','Umar839'),('Utama Gaya','Umi810'),('Pesona Kita','Usman169'),('Pesona Perhiasan','Usman651'),('Petualangan Mainan','Utami207'),('Pet Supplies','Utami859'),('Pilihan Belanja','Veri792'),('Warisan Pasar','Vidya390'),('Pojok Buku','Vina775'),('Warung Hijau','Vino304'),('Prima Fashion','Vino612'),('Zona Game','Vino955'),('Zona Mainan','Vita254'),('Pusat Gadget','Wahyu420'),('Produk Kecantikan','Wahyu948'),('Pelangi Mode','Wahyu953'),('Pusat Komputer','Wanda187'),('Pusat Tren','Wanda969'),('Pustaka Ilmu','Wawan566'),('Segar Bersama','Wawan950'),('Rak Buku','Wulan376'),('Rezeki Makmur','Yanto692'),('Rasa Nusantara','Yanto77'),('Petualangan Seru','Yona916'),('Kreasi Dapurku','Yuda930'),('Ruang Indah','Yudha491'),('Rumah Anak','Yuli352'),('Rumah Buku','Yuli995'),('Inspirasi Hunian','Yulia746'),('Rumah Gaya','Yulia953'),('Rumah Modern','Yusuf563'),('Saatnya Camilan','Zaenal509'),('Sahabat Sejahtera','Zainudin729'),('Gadget Masa Kini','Zaki772');
/*!40000 ALTER TABLE `user_store` ENABLE KEYS */;
UNLOCK TABLES;

--
-- Table structure for table `voucher`
--

DROP TABLE IF EXISTS `voucher`;
/*!40101 SET @saved_cs_client     = @@character_set_client */;
/*!50503 SET character_set_client = utf8mb4 */;
CREATE TABLE `voucher` (
  `voucher_code` varchar(7) NOT NULL,
  `name` varchar(20) DEFAULT NULL,
  `type` varchar(20) DEFAULT NULL,
  `discount_value` int DEFAULT NULL,
  `discount_percent` int DEFAULT NULL,
  `valid_from` varchar(10) DEFAULT NULL,
  `valid_until` varchar(10) DEFAULT NULL,
  `max_usage` int DEFAULT NULL,
  `terms` varchar(50) DEFAULT NULL,
  PRIMARY KEY (`voucher_code`)
) ENGINE=InnoDB DEFAULT CHARSET=utf8mb4 COLLATE=utf8mb4_0900_ai_ci;
/*!40101 SET character_set_client = @saved_cs_client */;

--
-- Dumping data for table `voucher`
--

LOCK TABLES `voucher` WRITE;
/*!40000 ALTER TABLE `voucher` DISABLE KEYS */;
INSERT INTO `voucher` VALUES ('CASH127','Cashback 20RB','Cashback',20,0,'11/8/2024','12/23/2024',998,'Tidak dapat digabung dengan promo lain'),('CASH145','Cashback 91RB','Cashback',91,0,'2/29/2024','4/30/2024',831,'Tidak dapat digabung dengan promo lain'),('CASH163','Cashback 95RB','Cashback',95,0,'12/18/2023','2/28/2024',532,'Minimal pembelian 100rb'),('CASH174','Cashback 33RB','Cashback',33,0,'4/27/2024','7/11/2024',173,'Minimal pembelian 100rb'),('CASH202','Cashback 89RB','Cashback',89,0,'1/9/2024','2/27/2024',104,'Minimal pembelian 100rb'),('CASH217','Cashback 51RB','Cashback',51,0,'10/31/2024','1/1/2025',493,'Berlaku untuk semua metode pembayaran'),('CASH222','Cashback 57RB','Cashback',57,0,'9/5/2024','11/23/2024',790,'Berlaku untuk semua metode pembayaran'),('CASH235','Cashback 95RB','Cashback',95,0,'1/9/2024','3/27/2024',801,'Berlaku untuk semua metode pembayaran'),('CASH241','Cashback 100RB','Cashback',100,0,'11/10/2024','1/20/2025',475,'Berlaku untuk semua metode pembayaran'),('CASH246','Cashback 36RB','Cashback',36,0,'11/21/2024','1/28/2025',699,'Minimal pembelian 100rb'),('CASH256','Cashback 67RB','Cashback',67,0,'2/23/2024','5/6/2024',485,'Tidak dapat digabung dengan promo lain'),('CASH262','Cashback 30RB','Cashback',30,0,'3/26/2024','5/27/2024',791,'Tidak dapat digabung dengan promo lain'),('CASH291','Cashback 34RB','Cashback',34,0,'2/22/2024','3/30/2024',442,'Hanya berlaku untuk produk tertentu'),('CASH334','Cashback 48RB','Cashback',48,0,'7/31/2024','10/25/2024',181,'Hanya berlaku untuk produk tertentu'),('CASH348','Cashback 50RB','Cashback',50,0,'4/29/2024','5/30/2024',707,'Minimal pembelian 100rb'),('CASH359','Cashback 97RB','Cashback',97,0,'8/24/2024','11/13/2024',820,'Tidak dapat digabung dengan promo lain'),('CASH374','Cashback 10RB','Cashback',10,0,'1/15/2024','3/28/2024',212,'Tidak dapat digabung dengan promo lain'),('CASH386','Cashback 56RB','Cashback',56,0,'4/18/2024','6/22/2024',471,'Minimal pembelian 100rb'),('CASH432','Cashback 22RB','Cashback',22,0,'10/9/2024','12/29/2024',391,'Hanya berlaku untuk produk tertentu'),('CASH453','Cashback 12RB','Cashback',12,0,'12/19/2023','2/6/2024',858,'Minimal pembelian 100rb'),('CASH476','Cashback 10RB','Cashback',10,0,'3/28/2024','5/30/2024',612,'Tidak dapat digabung dengan promo lain'),('CASH477','Cashback 6RB','Cashback',6,0,'3/30/2024','5/26/2024',158,'Tidak dapat digabung dengan promo lain'),('CASH498','Cashback 35RB','Cashback',35,0,'12/10/2023','1/24/2024',907,'Hanya berlaku untuk produk tertentu'),('CASH527','Cashback 20RB','Cashback',20,0,'8/9/2024','11/3/2024',191,'Minimal pembelian 100rb'),('CASH536','Cashback 12RB','Cashback',12,0,'2/5/2024','4/25/2024',869,'Minimal pembelian 100rb'),('CASH558','Cashback 19RB','Cashback',19,0,'3/7/2024','6/4/2024',751,'Minimal pembelian 100rb'),('CASH562','Cashback 25RB','Cashback',25,0,'6/1/2024','8/30/2024',302,'Minimal pembelian 100rb'),('CASH585','Cashback 92RB','Cashback',92,0,'10/18/2024','12/21/2024',774,'Berlaku untuk semua metode pembayaran'),('CASH604','Cashback 20RB','Cashback',20,0,'12/26/2023','2/16/2024',914,'Hanya berlaku untuk produk tertentu'),('CASH622','Cashback 3RB','Cashback',3,0,'7/9/2024','9/11/2024',590,'Tidak dapat digabung dengan promo lain'),('CASH635','Cashback 75RB','Cashback',75,0,'6/28/2024','9/3/2024',242,'Tidak dapat digabung dengan promo lain'),('CASH640','Cashback 47RB','Cashback',47,0,'1/2/2024','3/28/2024',222,'Berlaku untuk semua metode pembayaran'),('CASH647','Cashback 9RB','Cashback',9,0,'2/24/2024','4/20/2024',376,'Minimal pembelian 100rb'),('CASH653','Cashback 78RB','Cashback',78,0,'3/15/2024','5/12/2024',960,'Berlaku untuk semua metode pembayaran'),('CASH656','Cashback 33RB','Cashback',33,0,'4/19/2024','7/18/2024',582,'Hanya berlaku untuk produk tertentu'),('CASH673','Cashback 25RB','Cashback',25,0,'7/7/2024','8/14/2024',151,'Berlaku untuk semua metode pembayaran'),('CASH713','Cashback 20RB','Cashback',20,0,'7/12/2024','9/25/2024',908,'Hanya berlaku untuk produk tertentu'),('CASH714','Cashback 1RB','Cashback',1,0,'9/11/2024','12/9/2024',496,'Berlaku untuk semua metode pembayaran'),('CASH761','Cashback 51RB','Cashback',51,0,'1/28/2024','3/20/2024',319,'Berlaku untuk semua metode pembayaran'),('CASH777','Cashback 1RB','Cashback',1,0,'10/1/2024','11/26/2024',292,'Hanya berlaku untuk produk tertentu'),('CASH798','Cashback 65RB','Cashback',65,0,'6/16/2024','7/20/2024',362,'Minimal pembelian 100rb'),('CASH799','Cashback 39RB','Cashback',39,0,'6/8/2024','8/13/2024',341,'Tidak dapat digabung dengan promo lain'),('CASH826','Cashback 65RB','Cashback',65,0,'12/2/2023','1/20/2024',544,'Minimal pembelian 100rb'),('CASH886','Cashback 27RB','Cashback',27,0,'2/14/2024','4/28/2024',712,'Tidak dapat digabung dengan promo lain'),('CASH888','Cashback 93RB','Cashback',93,0,'5/23/2024','6/24/2024',255,'Hanya berlaku untuk produk tertentu'),('CASH909','Cashback 1RB','Cashback',1,0,'7/23/2024','9/29/2024',433,'Tidak dapat digabung dengan promo lain'),('CASH930','Cashback 17RB','Cashback',17,0,'4/27/2024','7/21/2024',961,'Minimal pembelian 100rb'),('CASH936','Cashback 71RB','Cashback',71,0,'10/24/2024','12/9/2024',930,'Hanya berlaku untuk produk tertentu'),('CASH950','Cashback 19RB','Cashback',19,0,'5/20/2024','6/28/2024',358,'Hanya berlaku untuk produk tertentu'),('CASH953','Cashback 57RB','Cashback',57,0,'12/19/2023','2/17/2024',368,'Minimal pembelian 100rb'),('CASH961','Cashback 44RB','Cashback',44,0,'9/15/2024','10/20/2024',927,'Berlaku untuk semua metode pembayaran'),('CASH986','Cashback 93RB','Cashback',93,0,'7/10/2024','10/5/2024',976,'Berlaku untuk semua metode pembayaran'),('DISC107','Diskon 23%','Diskon',0,23,'9/18/2024','11/18/2024',137,'Minimal pembelian 100rb'),('DISC129','Diskon 17%','Diskon',0,17,'10/11/2024','12/16/2024',908,'Tidak dapat digabung dengan promo lain'),('DISC142','Diskon 4%','Diskon',0,4,'11/26/2024','2/5/2025',595,'Berlaku untuk semua metode pembayaran'),('DISC180','Diskon 10%','Diskon',0,10,'5/9/2024','7/5/2024',923,'Minimal pembelian 100rb'),('DISC184','Diskon 8%','Diskon',0,8,'3/8/2024','4/19/2024',295,'Tidak dapat digabung dengan promo lain'),('DISC191','Diskon 50%','Diskon',0,50,'1/30/2024','4/19/2024',881,'Tidak dapat digabung dengan promo lain'),('DISC195','Diskon 37%','Diskon',0,37,'9/4/2024','11/12/2024',657,'Tidak dapat digabung dengan promo lain'),('DISC209','Diskon 45%','Diskon',0,45,'3/1/2024','5/13/2024',823,'Berlaku untuk semua metode pembayaran'),('DISC211','Diskon 23%','Diskon',0,23,'7/8/2024','8/24/2024',685,'Hanya berlaku untuk produk tertentu'),('DISC263','Diskon 45%','Diskon',0,45,'1/21/2024','4/4/2024',260,'Berlaku untuk semua metode pembayaran'),('DISC288','Diskon 42%','Diskon',0,42,'1/17/2024','3/21/2024',133,'Hanya berlaku untuk produk tertentu'),('DISC305','Diskon 19%','Diskon',0,19,'8/20/2024','11/2/2024',253,'Tidak dapat digabung dengan promo lain'),('DISC342','Diskon 20%','Diskon',0,20,'8/28/2024','11/19/2024',426,'Berlaku untuk semua metode pembayaran'),('DISC349','Diskon 5%','Diskon',0,5,'5/14/2024','7/12/2024',567,'Tidak dapat digabung dengan promo lain'),('DISC362','Diskon 9%','Diskon',0,9,'2/1/2024','3/29/2024',551,'Tidak dapat digabung dengan promo lain'),('DISC382','Diskon 48%','Diskon',0,48,'1/31/2024','4/27/2024',551,'Tidak dapat digabung dengan promo lain'),('DISC390','Diskon 27%','Diskon',0,27,'5/24/2024','8/20/2024',308,'Berlaku untuk semua metode pembayaran'),('DISC393','Diskon 17%','Diskon',0,17,'7/11/2024','9/28/2024',581,'Berlaku untuk semua metode pembayaran'),('DISC404','Diskon 48%','Diskon',0,48,'8/23/2024','9/25/2024',259,'Hanya berlaku untuk produk tertentu'),('DISC428','Diskon 45%','Diskon',0,45,'5/25/2024','8/6/2024',564,'Minimal pembelian 100rb'),('DISC460','Diskon 7%','Diskon',0,7,'8/9/2024','10/24/2024',776,'Minimal pembelian 100rb'),('DISC483','Diskon 26%','Diskon',0,26,'7/20/2024','9/10/2024',256,'Tidak dapat digabung dengan promo lain'),('DISC488','Diskon 47%','Diskon',0,47,'5/3/2024','7/22/2024',875,'Tidak dapat digabung dengan promo lain'),('DISC532','Diskon 14%','Diskon',0,14,'2/20/2024','4/18/2024',947,'Hanya berlaku untuk produk tertentu'),('DISC539','Diskon 2%','Diskon',0,2,'4/25/2024','7/2/2024',782,'Hanya berlaku untuk produk tertentu'),('DISC542','Diskon 11%','Diskon',0,11,'2/28/2024','5/11/2024',327,'Berlaku untuk semua metode pembayaran'),('DISC582','Diskon 48%','Diskon',0,48,'6/27/2024','7/28/2024',971,'Hanya berlaku untuk produk tertentu'),('DISC608','Diskon 15%','Diskon',0,15,'1/2/2024','3/29/2024',563,'Tidak dapat digabung dengan promo lain'),('DISC613','Diskon 32%','Diskon',0,32,'8/11/2024','10/25/2024',227,'Tidak dapat digabung dengan promo lain'),('DISC624','Diskon 47%','Diskon',0,47,'7/7/2024','9/30/2024',513,'Hanya berlaku untuk produk tertentu'),('DISC661','Diskon 10%','Diskon',0,10,'9/2/2024','10/19/2024',733,'Tidak dapat digabung dengan promo lain'),('DISC695','Diskon 33%','Diskon',0,33,'3/11/2024','5/18/2024',953,'Minimal pembelian 100rb'),('DISC706','Diskon 15%','Diskon',0,15,'4/5/2024','5/16/2024',695,'Tidak dapat digabung dengan promo lain'),('DISC724','Diskon 28%','Diskon',0,28,'7/25/2024','9/20/2024',920,'Minimal pembelian 100rb'),('DISC776','Diskon 33%','Diskon',0,33,'2/14/2024','4/1/2024',473,'Tidak dapat digabung dengan promo lain'),('DISC777','Diskon 4%','Diskon',0,4,'1/18/2024','2/21/2024',432,'Tidak dapat digabung dengan promo lain'),('DISC781','Diskon 24%','Diskon',0,24,'3/24/2024','5/25/2024',703,'Tidak dapat digabung dengan promo lain'),('DISC834','Diskon 33%','Diskon',0,33,'7/18/2024','8/25/2024',163,'Tidak dapat digabung dengan promo lain'),('DISC896','Diskon 22%','Diskon',0,22,'8/18/2024','11/13/2024',279,'Minimal pembelian 100rb'),('DISC913','Diskon 14%','Diskon',0,14,'7/1/2024','8/2/2024',339,'Hanya berlaku untuk produk tertentu'),('DISC930','Diskon 46%','Diskon',0,46,'2/15/2024','3/19/2024',145,'Hanya berlaku untuk produk tertentu'),('DISC958','Diskon 39%','Diskon',0,39,'7/2/2024','9/29/2024',111,'Hanya berlaku untuk produk tertentu'),('DISC970','Diskon 48%','Diskon',0,48,'9/1/2024','10/3/2024',818,'Berlaku untuk semua metode pembayaran'),('POT100','Potongan 70RB','Potongan Harga',70,0,'1/22/2024','3/20/2024',843,'Hanya berlaku untuk produk tertentu'),('POT134','Potongan 76RB','Potongan Harga',76,0,'7/7/2024','8/28/2024',187,'Berlaku untuk semua metode pembayaran'),('POT152','Potongan 32RB','Potongan Harga',32,0,'4/30/2024','6/29/2024',319,'Tidak dapat digabung dengan promo lain'),('POT154','Potongan 82RB','Potongan Harga',82,0,'9/20/2024','11/13/2024',110,'Minimal pembelian 100rb'),('POT161','Potongan 78RB','Potongan Harga',78,0,'3/21/2024','6/6/2024',138,'Minimal pembelian 100rb'),('POT187','Potongan 61RB','Potongan Harga',61,0,'10/20/2024','12/11/2024',681,'Minimal pembelian 100rb'),('POT200','Potongan 54RB','Potongan Harga',54,0,'8/30/2024','11/7/2024',824,'Hanya berlaku untuk produk tertentu'),('POT219','Potongan 94RB','Potongan Harga',94,0,'12/2/2023','2/25/2024',631,'Minimal pembelian 100rb'),('POT224','Potongan 4RB','Potongan Harga',4,0,'12/7/2023','2/4/2024',684,'Hanya berlaku untuk produk tertentu'),('POT268','Potongan 86RB','Potongan Harga',86,0,'11/21/2024','1/22/2025',287,'Berlaku untuk semua metode pembayaran'),('POT283','Potongan 23RB','Potongan Harga',23,0,'3/19/2024','5/10/2024',813,'Hanya berlaku untuk produk tertentu'),('POT296','Potongan 87RB','Potongan Harga',87,0,'8/26/2024','11/5/2024',490,'Minimal pembelian 100rb'),('POT331','Potongan 99RB','Potongan Harga',99,0,'5/16/2024','7/28/2024',499,'Berlaku untuk semua metode pembayaran'),('POT334','Potongan 81RB','Potongan Harga',81,0,'5/6/2024','6/24/2024',873,'Minimal pembelian 100rb'),('POT359','Potongan 64RB','Potongan Harga',64,0,'1/27/2024','4/25/2024',450,'Minimal pembelian 100rb'),('POT399','Potongan 29RB','Potongan Harga',29,0,'5/27/2024','7/23/2024',550,'Minimal pembelian 100rb'),('POT405','Potongan 2RB','Potongan Harga',2,0,'1/1/2024','3/1/2024',436,'Tidak dapat digabung dengan promo lain'),('POT415','Potongan 6RB','Potongan Harga',6,0,'4/20/2024','5/23/2024',739,'Berlaku untuk semua metode pembayaran'),('POT419','Potongan 91RB','Potongan Harga',91,0,'1/19/2024','4/10/2024',127,'Tidak dapat digabung dengan promo lain'),('POT474','Potongan 18RB','Potongan Harga',18,0,'7/1/2024','8/6/2024',715,'Berlaku untuk semua metode pembayaran'),('POT509','Potongan 72RB','Potongan Harga',72,0,'2/24/2024','4/29/2024',998,'Minimal pembelian 100rb'),('POT520','Potongan 74RB','Potongan Harga',74,0,'2/27/2024','5/11/2024',117,'Tidak dapat digabung dengan promo lain'),('POT526','Potongan 49RB','Potongan Harga',49,0,'2/17/2024','4/4/2024',566,'Hanya berlaku untuk produk tertentu'),('POT529','Potongan 58RB','Potongan Harga',58,0,'2/11/2024','4/19/2024',640,'Minimal pembelian 100rb'),('POT547','Potongan 77RB','Potongan Harga',77,0,'7/5/2024','8/27/2024',688,'Berlaku untuk semua metode pembayaran'),('POT575','Potongan 56RB','Potongan Harga',56,0,'2/21/2024','4/7/2024',852,'Tidak dapat digabung dengan promo lain'),('POT581','Potongan 20RB','Potongan Harga',20,0,'6/13/2024','8/13/2024',444,'Minimal pembelian 100rb'),('POT597','Potongan 39RB','Potongan Harga',39,0,'11/16/2024','1/27/2025',612,'Hanya berlaku untuk produk tertentu'),('POT601','Potongan 51RB','Potongan Harga',51,0,'2/20/2024','3/24/2024',763,'Tidak dapat digabung dengan promo lain'),('POT615','Potongan 48RB','Potongan Harga',48,0,'1/8/2024','3/8/2024',244,'Hanya berlaku untuk produk tertentu'),('POT619','Potongan 78RB','Potongan Harga',78,0,'12/26/2023','2/16/2024',548,'Hanya berlaku untuk produk tertentu'),('POT630','Potongan 82RB','Potongan Harga',82,0,'11/14/2024','2/8/2025',763,'Minimal pembelian 100rb'),('POT665','Potongan 61RB','Potongan Harga',61,0,'7/1/2024','9/8/2024',635,'Tidak dapat digabung dengan promo lain'),('POT670','Potongan 55RB','Potongan Harga',55,0,'7/25/2024','10/15/2024',728,'Minimal pembelian 100rb'),('POT673','Potongan 45RB','Potongan Harga',45,0,'3/13/2024','5/10/2024',963,'Hanya berlaku untuk produk tertentu'),('POT699','Potongan 22RB','Potongan Harga',22,0,'6/16/2024','9/5/2024',646,'Hanya berlaku untuk produk tertentu'),('POT708','Potongan 25RB','Potongan Harga',25,0,'12/1/2023','1/11/2024',730,'Minimal pembelian 100rb'),('POT727','Potongan 50RB','Potongan Harga',50,0,'2/5/2024','3/16/2024',100,'Tidak dapat digabung dengan promo lain'),('POT767','Potongan 69RB','Potongan Harga',69,0,'1/15/2024','4/7/2024',566,'Minimal pembelian 100rb'),('POT776','Potongan 69RB','Potongan Harga',69,0,'9/11/2024','11/5/2024',767,'Hanya berlaku untuk produk tertentu'),('POT778','Potongan 77RB','Potongan Harga',77,0,'3/15/2024','5/14/2024',637,'Tidak dapat digabung dengan promo lain'),('POT781','Potongan 46RB','Potongan Harga',46,0,'6/6/2024','8/24/2024',970,'Minimal pembelian 100rb'),('POT792','Potongan 22RB','Potongan Harga',22,0,'6/8/2024','8/8/2024',813,'Berlaku untuk semua metode pembayaran'),('POT822','Potongan 6RB','Potongan Harga',6,0,'2/1/2024','3/5/2024',620,'Berlaku untuk semua metode pembayaran'),('POT823','Potongan 20RB','Potongan Harga',20,0,'3/28/2024','6/5/2024',973,'Minimal pembelian 100rb'),('POT871','Potongan 93RB','Potongan Harga',93,0,'7/12/2024','8/31/2024',270,'Hanya berlaku untuk produk tertentu'),('POT882','Potongan 32RB','Potongan Harga',32,0,'2/5/2024','3/9/2024',214,'Minimal pembelian 100rb'),('POT947','Potongan 13RB','Potongan Harga',13,0,'10/24/2024','12/11/2024',712,'Hanya berlaku untuk produk tertentu'),('POT955','Potongan 83RB','Potongan Harga',83,0,'1/3/2024','2/9/2024',925,'Hanya berlaku untuk produk tertentu'),('POT957','Potongan 77RB','Potongan Harga',77,0,'1/2/2024','3/13/2024',371,'Hanya berlaku untuk produk tertentu'),('VCHR109','Gratis ongkir 49RB','Voucher',49,0,'4/1/2024','6/28/2024',979,'Tidak dapat digabung dengan promo lain'),('VCHR111','Gratis ongkir 1RB','Voucher',1,0,'2/8/2024','3/14/2024',169,'Berlaku untuk semua metode pembayaran'),('VCHR121','Gratis ongkir 13RB','Voucher',13,0,'5/7/2024','6/10/2024',969,'Tidak dapat digabung dengan promo lain'),('VCHR126','Gratis ongkir 68RB','Voucher',68,0,'5/4/2024','7/10/2024',231,'Minimal pembelian 100rb'),('VCHR131','Gratis ongkir 10RB','Voucher',10,0,'4/10/2024','6/24/2024',295,'Berlaku untuk semua metode pembayaran'),('VCHR139','Gratis ongkir 57RB','Voucher',57,0,'6/21/2024','9/11/2024',871,'Berlaku untuk semua metode pembayaran'),('VCHR148','Gratis ongkir 36RB','Voucher',36,0,'12/2/2023','2/17/2024',266,'Minimal pembelian 100rb'),('VCHR163','Gratis ongkir 57RB','Voucher',57,0,'5/23/2024','7/2/2024',438,'Minimal pembelian 100rb'),('VCHR165','Gratis ongkir 85RB','Voucher',85,0,'9/23/2024','11/27/2024',472,'Hanya berlaku untuk produk tertentu'),('VCHR177','Gratis ongkir 54RB','Voucher',54,0,'4/4/2024','6/3/2024',642,'Tidak dapat digabung dengan promo lain'),('VCHR186','Gratis ongkir 17RB','Voucher',17,0,'7/31/2024','9/4/2024',118,'Berlaku untuk semua metode pembayaran'),('VCHR188','Gratis ongkir 80RB','Voucher',80,0,'4/13/2024','6/21/2024',204,'Minimal pembelian 100rb'),('VCHR229','Gratis ongkir 47RB','Voucher',47,0,'11/17/2024','12/27/2024',745,'Minimal pembelian 100rb'),('VCHR242','Gratis ongkir 65RB','Voucher',65,0,'9/26/2024','11/3/2024',812,'Berlaku untuk semua metode pembayaran'),('VCHR246','Gratis ongkir 48RB','Voucher',48,0,'11/13/2024','1/12/2025',110,'Minimal pembelian 100rb'),('VCHR346','Gratis ongkir 88RB','Voucher',88,0,'6/12/2024','7/20/2024',542,'Minimal pembelian 100rb'),('VCHR355','Gratis ongkir 38RB','Voucher',38,0,'9/27/2024','12/3/2024',967,'Hanya berlaku untuk produk tertentu'),('VCHR371','Gratis ongkir 75RB','Voucher',75,0,'8/6/2024','10/13/2024',548,'Hanya berlaku untuk produk tertentu'),('VCHR372','Gratis ongkir 59RB','Voucher',59,0,'4/29/2024','7/10/2024',860,'Minimal pembelian 100rb'),('VCHR377','Gratis ongkir 45RB','Voucher',45,0,'12/4/2023','2/11/2024',499,'Berlaku untuk semua metode pembayaran'),('VCHR388','Gratis ongkir 64RB','Voucher',64,0,'1/16/2024','4/5/2024',159,'Minimal pembelian 100rb'),('VCHR397','Gratis ongkir 39RB','Voucher',39,0,'4/2/2024','6/28/2024',912,'Hanya berlaku untuk produk tertentu'),('VCHR402','Gratis ongkir 56RB','Voucher',56,0,'3/5/2024','5/17/2024',356,'Tidak dapat digabung dengan promo lain'),('VCHR407','Gratis ongkir 39RB','Voucher',39,0,'3/16/2024','6/14/2024',662,'Hanya berlaku untuk produk tertentu'),('VCHR410','Gratis ongkir 99RB','Voucher',99,0,'3/14/2024','6/11/2024',515,'Minimal pembelian 100rb'),('VCHR452','Gratis ongkir 51RB','Voucher',51,0,'5/16/2024','6/19/2024',531,'Berlaku untuk semua metode pembayaran'),('VCHR453','Gratis ongkir 56RB','Voucher',56,0,'10/18/2024','12/14/2024',217,'Hanya berlaku untuk produk tertentu'),('VCHR475','Gratis ongkir 13RB','Voucher',13,0,'6/1/2024','7/30/2024',841,'Minimal pembelian 100rb'),('VCHR500','Gratis ongkir 52RB','Voucher',52,0,'8/25/2024','11/11/2024',194,'Hanya berlaku untuk produk tertentu'),('VCHR522','Gratis ongkir 50RB','Voucher',50,0,'2/21/2024','4/21/2024',202,'Minimal pembelian 100rb'),('VCHR561','Gratis ongkir 39RB','Voucher',39,0,'9/11/2024','11/15/2024',300,'Berlaku untuk semua metode pembayaran'),('VCHR604','Gratis ongkir 70RB','Voucher',70,0,'11/30/2023','1/22/2024',974,'Tidak dapat digabung dengan promo lain'),('VCHR642','Gratis ongkir 11RB','Voucher',11,0,'5/8/2024','6/14/2024',791,'Tidak dapat digabung dengan promo lain'),('VCHR667','Gratis ongkir 58RB','Voucher',58,0,'6/25/2024','9/10/2024',447,'Tidak dapat digabung dengan promo lain'),('VCHR700','Gratis ongkir 85RB','Voucher',85,0,'1/22/2024','2/26/2024',128,'Hanya berlaku untuk produk tertentu'),('VCHR709','Gratis ongkir 9RB','Voucher',9,0,'6/12/2024','8/8/2024',545,'Berlaku untuk semua metode pembayaran'),('VCHR743','Gratis ongkir 35RB','Voucher',35,0,'12/27/2023','3/7/2024',460,'Hanya berlaku untuk produk tertentu'),('VCHR749','Gratis ongkir 36RB','Voucher',36,0,'12/29/2023','3/8/2024',225,'Tidak dapat digabung dengan promo lain'),('VCHR769','Gratis ongkir 44RB','Voucher',44,0,'10/27/2024','1/4/2025',771,'Minimal pembelian 100rb'),('VCHR782','Gratis ongkir 90RB','Voucher',90,0,'10/5/2024','12/11/2024',223,'Hanya berlaku untuk produk tertentu'),('VCHR798','Gratis ongkir 83RB','Voucher',83,0,'10/6/2024','12/11/2024',147,'Berlaku untuk semua metode pembayaran'),('VCHR808','Gratis ongkir 81RB','Voucher',81,0,'9/18/2024','10/23/2024',861,'Hanya berlaku untuk produk tertentu'),('VCHR818','Gratis ongkir 7RB','Voucher',7,0,'9/7/2024','11/9/2024',101,'Minimal pembelian 100rb'),('VCHR819','Gratis ongkir 42RB','Voucher',42,0,'7/27/2024','9/25/2024',788,'Tidak dapat digabung dengan promo lain'),('VCHR830','Gratis ongkir 25RB','Voucher',25,0,'11/2/2024','12/16/2024',667,'Tidak dapat digabung dengan promo lain'),('VCHR838','Gratis ongkir 11RB','Voucher',11,0,'6/24/2024','9/14/2024',732,'Minimal pembelian 100rb'),('VCHR843','Gratis ongkir 99RB','Voucher',99,0,'9/17/2024','10/27/2024',295,'Hanya berlaku untuk produk tertentu'),('VCHR871','Gratis ongkir 69RB','Voucher',69,0,'2/14/2024','5/9/2024',823,'Minimal pembelian 100rb'),('VCHR891','Gratis ongkir 42RB','Voucher',42,0,'4/14/2024','5/30/2024',304,'Berlaku untuk semua metode pembayaran'),('VCHR931','Gratis ongkir 85RB','Voucher',85,0,'3/15/2024','4/24/2024',980,'Minimal pembelian 100rb'),('VCHR947','Gratis ongkir 17RB','Voucher',17,0,'9/20/2024','11/9/2024',859,'Hanya berlaku untuk produk tertentu'),('VCHR954','Gratis ongkir 38RB','Voucher',38,0,'12/16/2023','3/2/2024',273,'Tidak dapat digabung dengan promo lain'),('VCHR958','Gratis ongkir 65RB','Voucher',65,0,'8/13/2024','10/24/2024',213,'Tidak dapat digabung dengan promo lain'),('VCHR964','Gratis ongkir 51RB','Voucher',51,0,'10/23/2024','11/25/2024',514,'Hanya berlaku untuk produk tertentu'),('VCHR986','Gratis ongkir 33RB','Voucher',33,0,'10/2/2024','11/3/2024',315,'Tidak dapat digabung dengan promo lain');
/*!40000 ALTER TABLE `voucher` ENABLE KEYS */;
UNLOCK TABLES;
/*!40103 SET TIME_ZONE=@OLD_TIME_ZONE */;

/*!40101 SET SQL_MODE=@OLD_SQL_MODE */;
/*!40014 SET FOREIGN_KEY_CHECKS=@OLD_FOREIGN_KEY_CHECKS */;
/*!40014 SET UNIQUE_CHECKS=@OLD_UNIQUE_CHECKS */;
/*!40101 SET CHARACTER_SET_CLIENT=@OLD_CHARACTER_SET_CLIENT */;
/*!40101 SET CHARACTER_SET_RESULTS=@OLD_CHARACTER_SET_RESULTS */;
/*!40101 SET COLLATION_CONNECTION=@OLD_COLLATION_CONNECTION */;
/*!40111 SET SQL_NOTES=@OLD_SQL_NOTES */;

-- Dump completed on 2025-11-02 22:32:51
